Token,Importance
TCGTCG,0.11106771661129075
CGTTGG,0.09935872831365826
TATTTA,0.07938388950050967
AGGATG,0.07835547044155826
GTAAAG,0.07575502220232273
TTGACC,0.07117254899190617
ATGTTA,0.06273650511609814
TAAAAT,0.05762478825955997
TGGGTA,0.05275884834607316
ATATCG,0.050475848770467284
