Token,Importance
GCCCTC,-0.03464616572742604
GGAAAG,-0.03104758314088331
TCCGGG,-0.024912162273787952
GCACGC,-0.024826802320097315
CCCACC,-0.02270711548834512
CGCAGG,-0.022455628158890597
CTCAGC,-0.021661154760356953
AGGAGC,-0.02113559953262969
CACACA,-0.020937800315715238
GGGACG,-0.016994524784811144
