Token,Importance
CCTGCG,0.10207451547995144
TGAGAG,0.08489199386469728
CTTTTG,0.08487101245898168
GCCATA,0.08145759698036649
TTTTTT,0.07652767824052302
ATTTAG,0.0761841635733979
CCGTGC,0.07591568411268139
TACCAA,0.0758266925776897
ATGAAC,0.06492066174274395
GGCCTG,0.058857078116005816
