Token,Importance
GTAATA,0.08781061869546519
CGTCTA,0.0776926569560333
TTCGGA,0.05314823203212655
TAGCGC,0.04104953672721715
TGCCCT,0.037112375761185916
TCCCGG,0.02733642033060818
CGTCTT,0.025112563664747362
CAAAGG,0.024501275115452886
CATTAC,0.02075110732094629
CTGTAT,0.019429486651982852
