Token,Importance
TGTTGC,0.10951820406588342
CTTCAG,0.10828261922042468
CCAGAG,0.10738270166774622
CACTTC,0.0993949939769826
TGAGCA,0.0989511932951127
ACAGGC,0.09305514989198173
CAGGCT,0.09216914201361984
CACCAT,0.09008755366247113
CTTCCT,0.08529815910489524
CCACCA,0.07503118037679035
