Token,Importance
ACCGTG,0.1309383266595764
TTAACG,0.11687875230455297
ACAGCT,0.10837236969066776
CATAGT,0.09823328923821781
GTCCTA,0.09575718237750185
AGCTGT,0.09481688698227367
TGCCCT,0.08897770265456366
TCCCTA,0.07653537445505362
GTTTCC,0.06912465150424951
GGATCT,0.0609877330857721
