Token,Importance
GAACCT,-0.0005792668186181179
TCACCC,-0.00020002770564911832
CAAGGT,-0.00018257193598197142
GGAAGC,-0.00016759542313946193
CTATTT,-7.437527960275938e-05
TCTGCA,-5.881144579916039e-05
AGTGGT,-3.6440161301227776e-05
AAGGCA,-2.805060930240895e-05
CCAGAA,-1.8803159662476558e-05
TTATAT,-1.0218687810994997e-05
