Token,Importance
GAGAAG,0.11610785072640446
ACTGGG,0.11501229849111734
AGGACC,0.10827577163190498
AGTCGG,0.10743158237832588
GCAGGG,0.10022064967070049
CTTTGA,0.09474206103085642
GGGGTT,0.09053726762936354
GGGGCT,0.08339323501334668
GGGGAG,0.08119641613468684
GCGTGG,0.07713642255580114
