Token,Importance
CCCATT,0.03037264316633581
TCGAGT,0.025212971364348972
TTACGA,0.024422775251763004
TGTTTG,0.013221985767082311
AACCGG,0.00751438672731073
CGAAGT,0.006315518744536607
AAGTTG,0.002675559186146596
ATGCTT,0.002323316668271957
TAGCTC,0.0012594744335793465
CCAATA,0.0002847949365969854
