Token,Importance
GGCCGC,0.11948666069226353
TTGATC,0.10315017924801605
TCTCAG,0.09806255139601378
TATATA,0.09657867539986992
AATCGT,0.08279146851791318
ATGCAA,0.07661261596499322
TACTTA,0.07524529651049246
CAGGTA,0.07337144414185795
CTAGTT,0.07282974860168856
AGTACT,0.05650719664223865
