Token,Importance
ACTTTG,0.11351484538720659
TCTGGG,0.10961179171686572
GCAGGA,0.09949257360497933
CTCCCC,0.09675346248145614
AAATTT,0.09154040296039877
GTGTGC,0.09144801608670468
AGCAAG,0.08982748288313173
AGAAGC,0.08973588173081498
GGGGTC,0.08882589303956989
GTATTT,0.085920938825479
