Token,Importance
AAATTC,0.10826118348035683
TGTTAA,0.10562265600482056
GAAATA,0.10545047570578943
TGGCTG,0.1053760486120051
GCACCT,0.1048542091429861
TGTTAT,0.10328798596108799
AGTTTT,0.09357751618610614
AAATAA,0.08614766379864851
AGACAG,0.07000728214257734
AACTGT,0.06746048615613816
