Token,Importance
AACCCC,0.11518225955960615
TGAGAA,0.10900492337210438
GCCTGG,0.10105363270128134
TGGCGA,0.0990776600357841
GAAGGT,0.09535856142652985
TCTATA,0.09427822412155193
GTGGGC,0.09136855363824264
AGAATC,0.09026313866485865
AGATCG,0.08345115263595597
ACTAAA,0.07386012746197372
