Token,Importance
GGGAGA,0.11261688184767582
GGGAGA,0.10686516146802062
TGCTCG,0.1065167473385442
ACATAT,0.09647301059675965
CCAGAC,0.09580433840623402
CTGCCT,0.09548992641216475
ACAAAG,0.0942164984334745
ATTGGT,0.08529889730416913
GGGTAG,0.08434576946958142
GGGTGC,0.08185051759655382
