Token,Importance
AGGATA,0.09532332889877103
CCTGCG,0.06819645551684862
GTAGGC,0.065384019912926
GGCCGA,0.06314124960502016
GACCCC,0.06221390305257714
AGTAAG,0.05105589141733739
AGGTGG,0.04748618985453361
AACGGT,0.04597553052248811
GCCCTG,0.040735261671605155
TTCAGG,0.04019545191505525
