Token,Importance
CGCCGA,0.10780842022742279
CAGCGG,0.10483412055645186
TCCGAG,0.10157411240454073
CTGCGG,0.10100891581243218
CGGGCC,0.09346165287372538
GCCGCT,0.08933361326381493
GTGAGC,0.08799716027766738
GGCCCC,0.08200762971882308
GCTGGC,0.07534697635454471
CGGGCG,0.07209799981570963
