Token,Importance
CGGCTT,0.12301127714335938
CCACGG,0.12189631330168527
GTATAG,0.07302082895319394
TCCCAC,0.06324416852806777
TGCTAA,0.063083013715219
CAGTAT,0.06192336894774818
CCAGTT,0.050518454150567105
GGATAA,0.04688718611502209
CAACTT,0.04310329321998307
CCTGCA,0.04135338376503247
