Token,Importance
TATAGA,0.00425612475567335
GCCTAT,0.004198017275604958
CGACCT,0.003763071743791995
CTTTAA,0.003677181717168537
GCTATA,0.0035406184885718706
TCTCCG,0.002687896056577188
GGGAGG,0.0019550345935184454
GGCGGC,-0.006757875883223115
GGCGGC,-0.006234999185949987
GGCGGT,-0.005534198115703031
