Token,Importance
GCCCCA,0.0008857406436973305
GAGGAA,0.0008362580354975593
GGGTTC,-0.00205332920636951
TTTCTG,-0.0005121055004963409
GAGGGC,-0.00040724324151705327
CGTGGA,-0.00026023888912448973
TCTCCA,-0.00025960186778482646
CAGGAA,-0.00024698025690690644
CTATAA,-0.0002458399019047001
TACCCT,-0.00016837528233731302
