Token,Importance
CCAGGG,0.007967539750714774
AGGTCC,0.00773442731431097
AGCTGG,0.007529739640520736
GCCACT,0.007527473903839017
TGTCAC,0.007124683504048529
TGGGTG,0.006762254925190909
CGGAGA,0.00650261850163549
TCCTCA,0.006134029039293447
AGCCGG,0.005865319986595308
TCCGCC,0.0053262567068246
