Token,Importance
CGCCCC,-0.04083263189588897
GGGTGC,-0.03565015208067352
GCCTCC,-0.024220105189395023
TCTCGG,-0.021557677670166985
GCCGTG,-0.015066435208434977
GCACCA,-0.014135943061266245
GGCCGG,-0.012283733679076595
CGCGGC,-0.011130025495578556
TCCCGG,-0.006434870947625175
TGTCGC,-0.006176756589333754
