Token,Importance
GGTGGT,0.06249019132734146
CGAAGC,0.06177474662713193
CAGAAA,-0.05425688636320498
CTCTTT,-0.04838584021666303
GAAGGA,-0.04806735835555209
AGTAGG,-0.027306140234496554
ACTCTG,-0.02661712016132781
GTTGAA,-0.02387045589019376
TGGGAT,-0.02353092656038857
AAGAAA,-0.021436223059362686
