Token,Importance
CGAGAG,0.1323974605399392
TTGTCG,0.02847551455407218
CCCCTA,0.02689341941617636
CTCTTA,0.02649428012987486
CATGCC,0.02111079600485554
ACTACT,0.017777405378735272
TACAGG,0.013608818075520024
TAAGGG,0.010240327825551976
CTCGGT,0.008283775604510461
CGCTTC,0.004969804293438185
