Token,Importance
ATTTTC,0.11322878477659759
GATAAT,0.10831663469790116
ATTCTT,0.10493478302832532
TTCATT,0.10309677958511153
GTTTAT,0.09874677251898074
GTGTAT,0.09526782795135887
GAAATG,0.08479373346188106
GTTTTG,0.08047553355979109
TCTAGA,0.07926756922766427
ATTAGA,0.07722640363921336
