Token,Importance
TGGGTA,0.11137216038208067
GCATCG,0.10184603778316617
GACTAC,0.10022501636769693
AAACCA,0.09503454805963871
TCTCTA,0.09451483472093239
CCGTTA,0.09240951930981664
GTTCTT,0.0862142256677182
CCTCAA,0.08444029478923275
TCCCCA,0.08425539820735217
TTGCAA,0.0799015510907423
