Token,Importance
GCCGCC,0.1015415330672663
GCGGGC,0.08922070327407497
GGTTTA,0.08395918100342299
TGAGAT,0.07678872093997872
CGCGTC,0.074517875854187
GCCTCA,0.07287465712789877
GATGCA,0.07066590858959346
TAGGAC,0.06974786866187903
AGGGCA,0.0689283220381814
TCCCCG,0.043083190289764484
