Token,Importance
TCGTCC,0.11441224061169383
GCTTCC,0.11065241733698507
CGCGTC,0.10838338730008723
GGGGAG,0.10732867303041566
CAGGAA,0.10112207598079621
GTACCG,0.09346249990535108
CCCGGC,0.09298560818735957
CCCGCG,0.08879517808176741
CGGCCC,0.08070786330578833
GACTAC,0.07658347855734422
