Token,Importance
AGCTTG,0.014353610421735248
GGGACA,0.008485229088842472
CTCCCA,0.00846908145426181
TGCAGC,0.008132721083610043
TGCCCA,0.007873371221168015
GAACTC,0.007090480687612609
TGACCC,0.0056356923896667506
AAGAGC,-0.021003480440893573
CCCTGC,-0.017213411094480772
TGGCTG,-0.014528504970706077
