Token,Importance
TAATCA,-0.05528861004909603
AGAAGT,-0.04085366064839747
CCTTTT,-0.03286478324311925
CCCCAA,-0.030221950386600298
CCTAGA,-0.027163682394934024
GCAAAG,-0.027090305663827863
CCTTTC,-0.012551396212789105
CTTAAA,-0.011863660021601408
AAGAAA,-0.008814667075595438
GGATTA,-0.008544817606104121
