Token,Importance
GTCGGG,0.08146999336520817
AATGTG,0.08058080551359192
ATGTAT,0.07882765593842164
GTCCTG,0.0745973342744522
TCAGCG,0.07058556637651384
CCCCTC,0.06753726530022278
TACTTT,0.05993785573701609
GCCACA,0.05992302739975843
TGCTGT,0.05487866909920597
TCTCCC,0.054402069140400404
