Token,Importance
TTAGTT,0.10613134868632162
TCCCCA,0.10309226084846733
CTGGGG,0.10301470859020659
GCCAAG,0.09485406069529306
TTCCCT,0.0925215367292039
TGTATG,0.09250786463445343
GCTTAG,0.09150536190077165
CTAGAA,0.08765329752174651
CTTAGC,0.08535841854023252
CAACCC,0.08229530721953011
