Token,Importance
GCTGAC,-0.0012073085173822922
GCCAGA,-0.0006826715476969543
GCTTCC,-0.0003823691125152497
ACCCAG,-0.00034744896923278825
GACAGG,-0.0003403297889601179
CCCCCA,-0.0002910599059797409
TTGGCT,-0.0002830103117891869
CCCCCT,-0.0002680004181335109
GGCTGG,-0.00022710996281477945
CTCCCA,-0.0001815808293896175
