Token,Importance
CTCTTC,0.1102124925143776
TGCTTT,0.09974967690930235
TCACCA,0.09592437676474949
AACCAC,0.09362756649159795
TATGTA,0.09165866725375373
TTATTA,0.09002037529123037
CCTGCA,0.087650900179208
CATTTG,0.08214665678952138
GCAACA,0.08148145717613595
GTAGAG,0.07891368213952664
