Token,Importance
CCGATC,0.10847173324833823
GGACTC,0.10566999498980287
TTGACG,0.10176361826104598
CAGCGG,0.09890604927359285
GAGGAG,0.09605061819486249
AGCGGT,0.09539127094821262
TGCTTT,0.07813433856634402
GCTGGA,0.07743323327652793
GTTTTT,0.07548931534114718
TAAGAT,0.06698508744661431
