Token,Importance
TCTCCG,0.04783553161833446
ATATCA,0.036323125855688324
CGTCTT,0.032298988495694965
GCGGGC,0.028472426855089435
GATCCC,0.026464196931285957
TATAAG,0.02428387676037101
ATTTAC,0.02205166752308637
CGGGTG,0.02116820789750641
GCGGCT,0.006804578945491923
ACACTC,0.005853864254269675
