Token,Importance
ACCGGC,0.09947009120172214
GTTCGT,0.09533737461175552
TATCAT,0.09185550105919789
GCTATT,0.0784792593156472
ACCGCT,0.06912628180055684
CTGGGC,0.06572921645093154
TCCCCA,0.05855116600244988
GGCACA,0.0555321083235093
GAAGGT,0.054861818829520556
ATTAGG,0.05403888288283066
