Token,Importance
AGAAAG,0.010265335897828805
TTCTAC,0.009106820974121773
CTTGCC,0.007884355483757393
ATATTG,0.0062462089203955354
AAGTGC,0.005465745892701943
TCTGTT,0.00538320181327129
TAGAAA,0.004140241456069118
TGGGAT,0.002446561824930059
CAAGTC,-0.022724223088168412
CCACAT,-0.022661884746612675
