Token,Importance
AGATCA,0.00661364059741927
CCTCTC,0.0051034847753831545
CCCTCC,0.004320833665521514
GCCAGG,0.004046497912449761
CCTCAC,0.003948392153583992
TAGAAG,0.003192148000912936
ACGGCT,0.003050445778837329
CCTCCC,0.002582501434339279
GGGGCC,-0.01588392952698125
CCTCTC,-0.01304517958573221
