Token,Importance
AAGGGG,0.09707441095790596
GCGGAA,0.09520884293732532
ACCTGG,0.08590086205220249
TGGAGG,0.08056977655436726
AGGATA,0.07955616874172144
AGTACA,0.0785057744837296
GCCCCT,0.07702298498963643
CCTTCG,0.07385959145045186
TTGAGG,0.07214929789733257
GGCTGA,0.0718902608942566
