Token,Importance
AGAGGG,0.003971533766475465
GAGTGT,0.0036717467271398063
AGAGGC,0.0035915461880218214
AATACT,0.0035284168121667947
TTTTTT,0.0030432441190892546
ATGTAT,0.0029426191089875304
TAGCCC,0.0028743609811583003
GTAATC,0.002730491777606115
AGGAGA,0.0026054174646970483
TGAGTA,0.0023773049952506885
