Token,Importance
TTTTAC,0.11170222307918305
CGGACT,0.11109837641594851
AGCGAA,0.10807367531013444
AATAAG,0.10719523148968536
TTAGGG,0.10624346386359869
CTTGAT,0.09442718895696947
GCTAAG,0.08460718847670083
GATTCA,0.08336116844761944
AATATG,0.0789735241284747
GTTCAT,0.06619577948179345
