Token,Importance
AAGATT,0.013442600559240788
TCGTGG,0.0075210837154226825
TATTCG,0.005679455948145597
TTATTT,-0.009151663154140679
TTTTTA,-0.009119859010095679
ATGCTT,-0.008473411375296126
AATACA,-0.007379411767636524
AAGAAA,-0.004552641037494967
TATTTT,-0.004542587298602406
CCCTGT,-0.003899948014834524
