Token,Importance
AAAACT,0.1092955326097718
CCGAGG,0.10886372364959404
TTAAAG,0.10783734177721373
CTTAAG,0.09900215171644523
TCCCCC,0.09884684237350295
CAGGGA,0.09280020400614143
GTGGAG,0.09265148802468381
GTAAGT,0.0898547688190654
CTGCCT,0.08593223690020052
GAATGG,0.0742649008022942
