Token,Importance
GGTAGT,0.11777640703972306
TAGTAA,0.11054745792954648
CCAAGG,0.10861734579918865
GTTAGA,0.09927040279777888
TCGCAA,0.09357884123107707
AGTTAC,0.08981298605397159
TATTTA,0.08558786545166379
GAGCCA,0.07968162494363548
TTGCAA,0.07768922824001313
CCTCTA,0.07703960123423592
