Token,Importance
TACACG,0.00012925382688315742
TTGTCA,0.0001163825942005299
GCCGTT,0.00011480443428014511
GCCAAT,9.75291821797639e-05
AGCCCA,9.552157627865894e-05
ATAAGG,9.161732567535973e-05
AGCCCA,9.097284412812989e-05
GCCGCC,8.041471631114845e-05
ATCTGG,6.931216764374814e-05
CCGTCG,6.856664310391288e-05
