Token,Importance
TCAGCC,-0.053988725878590105
GCGCTC,-0.04357702635681262
GGAAGT,-0.04051664383938716
GGTTTC,-0.03967236242219405
AAAGAG,-0.036813517890757964
GCGGGA,-0.0229637415948074
CTTTAG,-0.022530949535802664
GAACCT,-0.0206088281295171
GAAAGC,-0.020069427616653424
GAGTGG,-0.01690155502405055
