Token,Importance
TGGCGG,-0.03301075779584554
CCGAAG,-0.029328809037388808
GGTGGG,-0.023515043449605255
AAGCCA,-0.021188176344286214
AGAAGT,-0.02028583579939257
CGCGGG,-0.017156412394367354
ACCCAC,-0.016594454287024864
GAGGCC,-0.016372235290571094
CAGTGG,-0.013751968030728458
AAGGAT,-0.013520576498028666
