Token,Importance
CAGAAA,-0.005393357045201793
TGAAAA,-0.005006723719637131
GCTGCT,-0.004110593535090546
GCTGCT,-0.0031637520850102555
ATCAGA,-0.0029347823309156095
TGGAGG,-0.0027984152618917347
TCATTT,-0.0025745147579527
CTGATT,-0.0025346751022720148
GAGCAA,-0.0017608024395610693
CTTCCT,-0.0016771125682068858
