Token,Importance
CTGCTC,0.003330694756579122
CGCGCG,0.002456165499262448
CGGGTC,0.0022441402727850462
ACGTCA,0.0019746127710963015
GGGTGA,0.0018088645895405816
CCCCGC,0.0017218468753694423
TGCCGG,0.0016799824645205306
GGACGC,0.0016640000628628197
GGTGGA,0.0015141420163581492
GCTGTG,0.001206196502922554
