Token,Importance
TCTATA,0.13800754604998886
TGAATA,0.08742250819774092
CAATTT,0.07792909128568216
CGGCGG,0.06977010882549642
CCATTT,0.06616671601271551
GGTATC,0.06316356638016318
AGCGCT,0.060010221739036154
TTAAAT,0.056145546522667754
AAGCGG,0.04571741042023468
TGTTTG,0.04461365413136642
