Token,Importance
TCTCGT,0.08680489608638461
GTAGTA,0.08484087139798882
CTAGTG,0.06990998481491195
AATAGC,0.06438102437740309
GCTACC,0.060354170806579344
GTGTGA,0.04900306473585538
GTGGAT,0.04785366240543014
CCGAGA,0.041254810582664045
AAGAAA,0.039546750771860636
TAAGCA,0.03665057340303268
