Token,Importance
CCGCCC,-0.06502227895832428
GGCTGC,-0.028203894348236967
CCCCAG,-0.023401799225043093
CCCCTT,-0.01995938340304217
AGGGTG,-0.01885333829437653
TGGGGG,-0.018017003303542983
GAGCGG,-0.014914418684838707
CGCGGA,-0.012599143940044528
AAGGGC,-0.012299289026663607
GGAGCC,-0.011261551336915265
