Token,Importance
CTACTG,0.10605156892390041
TGCTTT,0.10012541101993888
GCTATA,0.09891886490397327
GAATCA,0.09657950497057001
CTAGCC,0.08246920293673528
CCGCGA,0.08044504778436541
TGACGT,0.07622195548273633
CAGCGA,0.07559377270099055
GGGTTT,0.06768757277312629
TCAGGA,0.06657104616460513
