Token,Importance
TATCGT,0.006752973469248951
AGAGGA,0.004148006894376584
TCGTTC,0.0028370115782143253
GGTCAT,0.002402359194182252
TGCGAC,0.002232094546918886
GCAGGA,0.0019817104593216417
TTGTCC,0.0018748456423233126
CATGGA,0.0018036069319581397
GGTAAA,0.0008176282375207415
GTGGTG,-0.011174430600497661
