Token,Importance
TCGAGT,0.13036385518729898
GATATT,0.07997671561794593
GCTATT,0.045293047786501194
ACAGTG,0.039688707471036054
TCTAGT,0.038215026825695345
CAGTAA,0.03740558097317113
CTAGTA,0.02986985165106241
CTCGTG,0.025828653187402482
CTTTTT,0.02305756757079498
TAGAGT,0.022975643347657504
