Token,Importance
GGGCGG,-0.0004100115432036031
TCAGCC,-0.00033017352750266954
CCTGCC,-0.0003199547119031024
TGCTGC,-0.00031324332476641807
TCTCCC,-0.0003026547452053684
GTGGCC,-0.0002796940665924109
CCTGCC,-0.00027237789718882716
ACTGCC,-0.00026321127191531824
AGCGCC,-0.0002276324555507644
GGCCCT,-0.00019023869475660895
