Token,Importance
CGGAGG,-0.00017428064051603912
CGGGGC,-0.00017103153358722747
GCGGGC,-0.00016258553795094264
TTCAGG,-0.00012310363225402995
GGCCCG,-0.00011698871089379438
GCGAGC,-0.00011194997989159925
TCCCGC,-0.00010877907814246129
GCGGCC,-0.00010702965841491472
CGCCGG,-0.00010475777390350172
CGGGCG,-9.502352078665188e-05
