Token,Importance
GTCGCC,-0.0026075676772195997
TGGGCC,-0.0024891131032424157
CTTTGT,-0.0022463072984670483
GGTCGG,-0.001841800605320984
GCGGGC,-0.0016063306961878064
CCCTGG,-0.0013871351917282477
GCGGCT,-0.0013422422127405877
GGAGCG,-0.0011021237488096022
GGTGTT,-0.0010975538958543371
CTGAGA,-0.0009654299559953422
