Token,Importance
CGTAGA,0.04967316121387221
CTTCAT,0.03722839520638829
GCGAGG,-0.028088980245815874
GGAGAG,-0.028047591345609274
TGGGGG,-0.02449273622313276
AGCTGC,-0.02369078458046719
CCTGCC,-0.021774052407177575
GCTCTC,-0.021766633628181587
AGGAAG,-0.020354561221297203
CGGAGC,-0.009956142490732935
