Token,Importance
AATATA,0.1231259227181505
AAACAT,0.10926571961877261
CTTTGT,0.100433027092102
ACATAT,0.09703112090205886
CAGGAG,0.09596409150884591
TCTCTA,0.09486776282551818
TTCATT,0.09363192157315901
CTTTTA,0.08388136537016021
ACAAAT,0.07768753822938103
CAAGTT,0.07124156188898956
