Token,Importance
TTCGTG,0.07796736053841001
GCCCGA,0.0560003201237302
CCGTTT,0.05518382141596177
GGTCCG,0.03603443209025447
TATGTT,0.03487577603219985
GACTTA,0.018685040751402014
GCTTAT,0.01649249865447767
AGAGCC,0.015481835357630019
AGCACT,0.013199832694339553
GTTCTT,0.012597149463099587
