Token,Importance
GCCGCT,-0.021394530844383267
GCGGTT,-0.020607745534488714
CGCGCG,-0.019807939175692683
CCGCCC,-0.018916196800957207
GTGGGG,-0.018154041412258324
CGGGCG,-0.01812627361200009
CGCGTG,-0.017998335251499655
AATTCC,-0.016898113115039526
GCCGGC,-0.01466450964002014
GGACAG,-0.01238154996308831
