Token,Importance
TTCTCT,-0.0012820792128045275
TTTGCT,-0.0007373698271584794
AATCAA,-0.0006576076112485223
TGTTCT,-0.0005468057505017083
ATGGAC,-0.000534766142291122
TGCAAA,-0.0005306341197410293
CTGTGG,-0.0005238176694330205
CAATCA,-0.0004946315670776327
CAATCA,-0.0004727147287915676
TGTAAA,-0.00036753808528021403
