Token,Importance
ACACTC,0.002945828577817291
TTACGA,0.002149574509807576
CGGTCC,0.0020744468888346185
TGTCAA,0.0017311961565853549
GTGCCC,0.0013224575560401837
TTTGTG,0.0010881898039267145
CTCGAA,0.0007532217675819755
AGGCAG,-0.010388817950389297
CTGGAG,-0.005337949392551666
AGCCTG,-0.003911940627388905
