Token,Importance
GCTCCC,-0.0903401345269234
GCCTCT,-0.08758859751064697
TCCTCC,-0.07213216556733747
AGCCCC,-0.07166950631394782
GCCTTC,-0.057414747586077904
GCCGTG,-0.05561190528846663
GGAGGT,-0.05439210033111201
CCTCCT,-0.04549026660750601
CAGCCC,-0.04479127190197219
GAACGG,-0.042536935954350596
