Token,Importance
TCTACT,0.0525375508600143
CAAGAT,0.048797833815781656
CTGTGG,0.04842154813643682
TAGATA,0.04837029441087091
GCCCTT,0.045376929405368006
GTTTGA,0.04316650717533432
GAAACT,0.04297197290380712
GTTCTC,0.039212495508253585
CTCATT,0.03578533349274649
TGCTGG,0.03450661990402659
