Token,Importance
AGCTTT,-0.04468763154172422
TTTGTA,-0.0375691799561033
GGCCCG,-0.031154692917238706
GGCGGC,-0.02841742563030197
CTTAGG,-0.026653765504795677
GGAGGG,-0.023274729547696736
GAGACT,-0.022584700864603117
GCTGGA,-0.01740229434561258
TTTTCG,-0.012546764193499309
GGCGGT,-0.012105934420747394
