Token,Importance
CTTATA,0.08837421439850322
GTGATC,0.016872229905198394
TCTCCG,0.016229318765472338
AGTGTA,0.014573077494913577
CGTCTA,0.012998029150608569
AAACAC,0.01196277467572124
CCTTCG,0.011172907965353198
TGCGAA,0.010835846420615068
GTAAGC,0.00984072633096214
TCGAGA,0.009204668749303212
