Token,Importance
TCTATA,0.130469778998287
GCACAT,0.0705598421545353
GCTCGG,0.05775448858450472
TCTTCG,0.048230671192464054
TTTTTG,0.041665068835107566
CCCGCT,0.0395008755103479
TGCGCG,0.039079096932645815
GAGTTC,0.037687377634086694
CTCCCC,0.0373918804106254
GGTGAG,0.03276485450154757
