Token,Importance
CCTCCT,-0.059650513419102456
TCCCTC,-0.05892133224720064
GGGAGA,-0.04979607564955874
GAGCCC,-0.04710592188094356
GACGCG,-0.04467646760378831
ACCCTG,-0.04312665600351978
CAGCCC,-0.04236579893893844
ACCGCA,-0.042358261977252794
CCCTCC,-0.03897232855423681
GGGCCC,-0.038687162240382114
