Token,Importance
AGGGGC,0.008879877278878014
TTGAGG,0.006435266283588319
CTGACC,0.005811337534247517
CCTCCC,0.004670563621956002
AAGATA,0.004299842555306533
GAGCTT,0.004013425513257899
AGCCCC,0.0037366063440424945
GGTTGT,0.003714332811141763
TCTCCA,0.0036380326756738114
GCAATC,0.0014174552821082792
