Token,Importance
TCTATA,0.11469764200345524
CTGTCG,0.08752138014899852
CATGCA,0.061479441769638384
CATTCT,0.04923728974372846
ACACTG,0.04408503651230643
GATGAG,0.043363951991456595
CAAGAT,0.0417706771369202
CACCCC,0.03998310740725022
TAAGCC,0.0383554480744452
TCACCA,0.037784564578820734
