Token,Importance
TATTAG,0.10244789259463352
ATTGAA,0.09878734339756262
TATGGG,0.07368810559853821
GCCTAT,0.03932459001228629
ACGTGA,0.03131258417375628
GCGGGT,-0.05013252843730021
CCGCCC,-0.041124256752906777
CAGCGG,-0.038834547296123144
CCTCCC,-0.030516999564604387
AGGAAC,-0.025285075541184338
