Token,Importance
GGGTTT,0.010361127232265739
TAATTT,0.008184140016231682
TTTATA,0.0077609939062075655
ACTTGT,0.0074675719966868824
ATTAAA,-0.007610972998798971
AAGGAC,-0.006025082850649961
ACAAAC,-0.006015849711695165
CAGAAA,-0.00526420049724392
CCCATT,-0.005248991183495049
ATCACA,-0.005018910477226861
