Token,Importance
TTCACC,-0.08633314506562531
AGTGCA,-0.082344880447282
TTGCTC,-0.08163651553767277
CCAGGC,-0.08144731391940317
CTCCCC,-0.08008689493966609
CCTTGG,-0.0754356982919325
GGATCC,-0.07189672278145777
CACTGA,-0.06929716891045368
CCCTGT,-0.06678244333810411
ACAGTG,-0.06653915870677306
