Token,Importance
TGTCGC,0.02281142515992958
CTGGCG,0.0210928349835731
TTCACG,0.018728429026769293
CGACTA,0.018654825739893393
CCGTCG,0.016037503052159664
TGTATG,0.013901782711074047
CATCGT,0.012246229646679343
AGCGTC,0.006887935601346052
TACAAT,0.006643709747767401
CGCCAT,0.006524590300799726
