Token,Importance
CTTGGC,0.10814813585412547
GAATTA,0.10715522593984639
CAGTCT,0.1068447171241445
TGAACT,0.0990932664861146
GTTTGT,0.09864212430708727
AGACAG,0.09279751572514337
TTGTCA,0.09073801240526537
TTTTTC,0.08889468528074249
TGTTCA,0.08486055396662807
GCATTA,0.07511206993450781
