Token,Importance
CGGTGC,0.049550106256293976
TGCGAT,0.045206046602170306
TATCTT,0.03726840263968177
GGTTTA,0.03521516775962309
GCATTT,0.03364210404025856
AGCATC,0.03266445113783871
AGTAGC,0.029538458373560738
TGAAGT,0.029124355759369277
GTGCTT,0.02414343500216994
CAGATG,0.022153315633945403
