Token,Importance
GAAACT,-0.03608529538604183
CTTGCT,-0.027025451067529908
TGGGCA,-0.025721332471346094
CCCCAC,-0.025112947768737844
TCTCAG,-0.02291033606013424
AGGCCA,-0.022348720171300105
TTTGGC,-0.022149425740069315
GGGGGG,-0.022063492199107793
CTGTGA,-0.012283969903256725
CCCCTA,-0.012205466839492606
