Token,Importance
TGTACG,0.11663783550981352
TATCAA,0.07748912159183245
ACTCGG,0.06833699390308347
ACACTT,0.06780881035085687
GCGATA,0.06531228551281883
CGTTGA,0.05498183565936637
TCTAGA,0.05008223744173474
ACAGTG,0.048661526885540485
TACGGG,0.04827492947289588
GGCACC,0.03734030646974572
