Token,Importance
TGTCCA,0.1033574432851214
CTCGCG,0.09300473946219817
GCTTAA,0.09184369912745818
GTAGGT,0.0909060819528974
CTAAAG,0.08009998281614966
ACATGC,0.07888968874402266
AGGGGT,0.07763084516169927
GGAGAT,0.07645117939092083
TTCCAT,0.0656027408722825
CGGGGC,0.06238982221476991
