Token,Importance
GGCCTG,-0.00039832029484957707
GGGCTG,-0.0003382095881038191
TGCCTG,-0.0002938263137152703
CAGGGA,-0.00028634944639696744
GGGAGA,-0.0002862444282092729
CCTGCA,-0.00028091321026232826
CTGCAG,-0.00027602578124480236
AGGTGA,-0.00027594169292391224
CAGGGC,-0.00025628049058844905
GAAGGC,-0.00023108199470950384
