Token,Importance
GCCAAG,0.001987173029295445
GGCGAG,0.0019490823256809859
GATCTT,0.0018414269736726906
GGACGC,0.0015307162947497224
GAGGAA,0.0014920970884588086
CCCATT,0.0014784256553572496
GGCGGG,0.0014374115574320341
CCAGAG,0.0013679517418238108
AGGATG,0.0012590611850126622
GTGGAG,0.0007472240340224194
