Token,Importance
TCTCGT,0.08501919342537087
CAATCA,0.06318513426093024
TATTGG,0.05996976723175472
GAATTA,0.05427404218743593
ACTCAA,0.051774787430372504
AGCATA,0.05004071648395273
GGTCAT,0.042119054076132416
CCAGGT,0.04014746341858455
TCGCCT,0.04008751468125404
CATGTT,0.029010469533613668
