Token,Importance
TGATTT,0.0963512380912438
TTAATA,0.09372600270067216
TAAAAT,0.09257219061568378
ATGCTA,0.09175505578041476
TTATTC,0.08575867332587259
TTTTCA,0.07983553751284367
ATTATG,0.07918375597534147
CTTACA,0.07544280527539765
TCTTTC,0.06832461685605543
AAGTAT,0.06424840541422781
