Token,Importance
AAAGTG,-0.1396542693221495
TACTCT,-0.06193244356147224
AAAATT,-0.043901356978568215
AACAAA,-0.04299562731014383
CTTTTC,-0.040587947928516846
TCCTGT,-0.037982293885488384
TAAAAG,-0.03533101004139144
CCAAGT,-0.03528944767718714
ATTACA,-0.03307193372220021
CAAATT,-0.032635109620988145
