Token,Importance
GCCCTG,-0.005119068982649789
ACTGCG,-0.004102928546146312
CCAGAA,-0.0034414043648955464
CTCTCC,-0.003328336294108924
CCGGGC,-0.002250704458193357
GAGGCC,-0.0021568762316369204
GCACGG,-0.001930739339850665
AGGGTC,-0.0018318160507767162
GCCCCT,-0.0017541315604119483
CGGCGC,-0.001700583161533845
