Token,Importance
TCATGA,0.055340802920450106
CGCGGC,-0.03686236138288343
GCCGCG,-0.03442634856752268
GCCCGC,-0.021249505829763444
CCTTCC,-0.01768135354324017
CTCCAG,-0.013028465574671678
CCGGCC,-0.01245762976556574
CGGGGG,-0.010947434540917103
CTCAGA,-0.007288077500364505
GGAGCG,-0.004725880600113544
