Token,Importance
CCCGGG,0.0003334394759343284
TTTGTG,0.0003303812454901007
TTGGTC,0.0003273504632473326
ACAGTT,0.0002583997673530489
AAACAT,0.00022951446522895125
CTTCAA,0.0002152441288895658
CTTTCA,0.00017549310445581347
AAACGA,0.0001627004784335728
GTTGCC,-0.0006247013630728654
ATCAGT,-0.00048425607404078226
