Token,Importance
TCTGTC,-0.02297090356217288
GGCGGC,-0.021883748992192337
GAGGCT,-0.01801161697584104
GGTCCC,-0.016659680601778522
GGCTGA,-0.015183915388574477
CTCTGG,-0.015059192760804177
GCTGCT,-0.014662480771385107
GTCACG,-0.01443177328391122
AGGAAC,-0.013098649309491978
CCTCAG,-0.011489042059698128
