Token,Importance
AATATG,0.1119286062686718
ATTTTA,0.08489453959737393
TCGACG,0.08151323553842894
TAGACC,0.07013050015669847
CGCTCG,0.05643722010679748
CGGGGC,0.05135533658209216
GCTGCG,0.04147430293232062
CATGCG,0.03713702634593108
CCGGGC,0.03202854891949336
TGACCC,0.028486745458075363
