Token,Importance
AACGCC,0.011254890698174917
AGAGGA,-0.004151193768209319
AGGTTC,-0.003941664913890917
GGGCTC,-0.0038700949794866174
GGGAGC,-0.002983824443402108
CGGGTG,-0.002937020519381073
TTTCCG,-0.002306115398900336
AAGGGC,-0.0017023092618104485
CCCCAC,-0.0015481683858406604
GGGAGG,-0.001458931664628291
