Token,Importance
TCACTG,-0.002209847574999005
AGGAGC,-0.0018546040993746387
TGAGTT,-0.0017489510234400645
TTTCCC,-0.00144230719372728
AAAGGA,-0.0012826945718915903
AGATTT,-0.0011825147530079825
AAAATG,-0.0010516741453482762
ATTTAC,-0.001020678838596403
TTGTTA,-0.0009561922618074851
AAGATT,-0.0008117991961464255
