Token,Importance
AGAACT,0.0966462833681707
AGGTGT,0.09307134010157758
ACAAGC,0.0911289639077436
TGCGCA,0.0902895101799645
TTCGGA,0.08982372255486892
TCCCTC,0.08284416088045946
AACACG,0.08280858039466861
TCACTC,0.07311032157154267
AGGGCT,0.0715828783430392
CGGTGC,0.05542704676426402
