Token,Importance
GTAGCG,0.02440227488523971
TTTTAA,-0.010711273313776885
AATGAG,-0.0073870363021468636
ATATGA,-0.005677351370301489
CATCAT,-0.004350241145408199
AAATCA,-0.003306018518888414
TTGTGA,-0.0030868264961995003
ATGTTT,-0.001901764675142884
CTTCAT,-0.0016425581586586996
GCTGAG,-0.0014920211637861505
