Token,Importance
GCGTCC,0.04711796461968945
CGCCAC,0.04553143829373105
CTTTCG,0.039217009670938094
CCCGGT,0.03786664919947247
CACGGC,0.02718251089374803
GATGCG,0.011127036964723926
TCTATA,0.007907365771515119
GATTAT,0.007792236501552383
CTCCCA,-0.028188505832760197
AAAAAC,-0.02009582647038821
