Token,Importance
TTGGCT,-0.08075317132722463
TGGGGT,-0.051996137633435725
GTTTCC,-0.04992007487312926
CTTTGT,-0.04385824571215059
AGTTGA,-0.04307651170205065
GGCTTT,-0.03106991773068742
GTGGAG,-0.025859351096566355
ATCCCT,-0.0240387683441311
ACCCAG,-0.021901597493736366
GGTTTT,-0.021688371583714873
