Token,Importance
GGCCCG,0.13264894190016055
CCTTTA,0.10824139108711384
GATCAG,0.10296572564154424
GGCCAT,0.09913621848002724
CTGACA,0.0969503391685703
ACTCAG,0.09417838586423628
GCTACT,0.08553891726940016
GGCTGG,0.08236486595308701
ACTCAG,0.07537152834582062
CACTTA,0.06324619537330325
