Token,Importance
ATCTTT,0.1184895144152398
TCATTG,0.10442164361963828
TTATTT,0.10008929261175115
GTATAT,0.09696555068783433
AGCTGC,0.09650853796648895
GCCAGG,0.09598302587351826
TTGCAT,0.09190485426926222
ATTGTG,0.08714974660780608
ACCTTG,0.08563447647396938
ACTTCA,0.0799736964764862
