Token,Importance
GAAGTG,0.007305518293163902
GGCCTG,0.004450018157449491
AGGATC,0.003575514493920082
TGCAGT,-0.005155666792695548
GCTGAT,-0.004771794316740874
CCTGGA,-0.003805205235344294
CGCCCC,-0.0026177144277587322
CTGTGG,-0.0022284611955011874
ACCCAA,-0.0021625056702844893
GCTTGA,-0.0014193367686839626
