Token,Importance
CCAGGG,-0.0002943712766670777
CTGGTT,-0.0002879944484273566
CTCATC,-0.0002752677671951784
CCAGGG,-0.0002448392463154994
CAGCAC,-0.00022380273743526153
TTTTGC,-0.00021623766743964612
CCTTGG,-0.00018514326022996025
GCCCCA,-0.00016389548784791696
TGTCAG,-0.00015624500164950275
TCTGAG,-0.00014194929327904584
