Token,Importance
TCTATA,0.1544710348594358
AATTCT,0.07457560074793225
AATCGG,0.052017662863723876
ATGGAA,0.02937219923264795
ATGTCA,0.029315261679301496
TGGACA,0.025310528053395908
CGTTTG,0.01910601479128433
CCTACC,0.01596496401658044
ACGAAG,0.013796801819760784
TCGGGC,0.013767469153692256
