Token,Importance
TACGCC,0.10297179127218606
GCGATA,0.09645807991738442
TACTGC,0.09634348038887677
GATTTG,0.08977350363551506
GACGAA,0.07328725327399532
TCCTCC,0.07253640559296368
ATGGCT,0.07064646819048437
CCCGGG,0.06324488665820129
TCCCCA,0.06158744958978093
TCGGCG,0.05765996569985099
