Token,Importance
GTCTAA,0.09486750927735539
ATAAAA,0.09420800448167427
TTTGAA,0.09309039862134871
CAATTT,0.08550195282404471
CTTACT,0.08395825655273292
AAGAGT,0.08009683316657926
ACTGAA,0.07932584193166879
TTTTGC,0.07857090409485991
TGTAAG,0.07503404232088866
TTTGGA,0.06636439135855042
