Token,Importance
ACTTAC,0.0009457526378211519
GCGGAG,0.000712924516729225
CTGCGC,0.0006638222455320627
AGGGGG,0.000637472937197361
CGATGC,0.0006215963537991842
GGCGGG,0.0005339352266186607
CACGAG,0.0005276969944724353
AAATAT,0.000526834933883838
GGCTTG,0.0004994149377549993
CGAGGG,0.0004367162819274538
