Token,Importance
AGAGAG,0.12225794091320617
AAAGAA,0.10651444067243732
CAGGTC,0.10627181582772667
GATGGG,0.10007481520794306
TGCTTA,0.10002865778380768
GCAAGA,0.09865344135429853
GTCCCT,0.09585069013600869
AGGGTG,0.08996819159936219
GATGGT,0.07702596262345789
CTCCAG,0.07348799751640137
