Token,Importance
ACGTCT,0.07570060480694417
GCATAT,0.07214088375133543
TATCCG,0.07161922821612814
GTACGC,0.06608547449230294
TTGCCA,0.055472518284244536
AAACCC,0.05085097209309471
GCGCAA,0.04856335256186971
TTAAAC,0.04225608950740873
TCCCCT,0.03748086766692227
TGCGGC,0.03703009473188378
