Token,Importance
GTAATC,0.10610970126897096
CGGTAC,0.10422309101488234
CTCCCC,0.0993406623144474
AGTTTA,0.08384182050408351
CGCTAG,0.08367461923895653
ATTCCG,0.0831748312084701
GCCAAG,0.08013696300464229
CACCAT,0.079143825674487
CTGCAT,0.0768737974353045
TTCTGA,0.06986616049884782
