Token,Importance
AAAATC,-0.009337098780254294
GGCAGT,-0.004889971564887493
TTCTGT,-0.004299814444717747
TAACTT,-0.00404965855118115
AGAAAC,-0.002836938050402579
TTCTCT,-0.002731611181569855
GCTGAA,-0.0027215875282116907
CTCCCA,-0.0027061291281495234
TAGAAG,-0.0016042869935167412
AAAAGG,-0.0013019270902587254
