Token,Importance
CCATGT,0.11459386943210612
GTGCAA,0.1103188091517955
TTAGTA,0.10647702986570858
CTGCAA,0.10470587578916053
AGGCAT,0.10028800538418153
CACAAA,0.0972304002997551
GGCTTA,0.08643364696135601
GATTAC,0.08021643451661609
CAGAGA,0.07952480699642202
AATTTT,0.0781358164991084
