Token,Importance
GCTGCT,-0.00022219357720442456
GCCCAG,-0.0002066723755233927
GCGGGC,-0.00017826350443211287
GCGCGC,-0.00015339433958180498
GCGTGC,-0.00014930552321795363
GCGCGG,-0.00014467048989103625
CAGCGG,-0.00014123233923627818
CGGCAG,-0.0001221669516563623
GCAGGG,-8.75863592079715e-05
GCGCAC,-7.959917350800036e-05
