Token,Importance
TTAATG,0.036655104544470435
TGATTT,0.036600042916578944
TAAAAT,0.036129934871538816
ATGCTA,0.03569481759819863
TTTTCA,0.034454595732400735
TTATTC,0.03254925757793959
ATTATG,0.030394141081712074
CTTACA,0.028849015956723685
TCTTTT,0.027969360785141503
AAGTAT,0.0248819374880622
