Token,Importance
CTCCTT,-0.028085165667525364
TCCCTC,-0.02556937014179417
TGGAGA,-0.01694185110539058
CTTGCT,-0.015399789706113384
AGGCTT,-0.010680884975382492
GGTTTT,-0.008991151957843191
CCCGCC,-0.008844732581970414
GTTCTC,-0.0085464638821907
TCCCCG,-0.007987808595402768
GGCTCT,-0.006634076229010096
