Token,Importance
GCATCA,0.002935443256949974
TTTACT,0.00205247354177135
GCTGGC,-0.002191041135690535
CCCTTC,-0.001024093744831106
TGGGAA,-0.000855484140393512
CTGGCC,-0.0007398843648948034
CCTCCC,-0.0007248005069655304
ACAAAG,-0.0006365801068480255
TATCAC,-0.000623556756869464
TGGAAG,-0.0006031211121320424
