Token,Importance
GTCTTT,0.10891086217102255
ACTAGT,0.10507740897458136
TTTCCA,0.10195514124809311
GTAGGT,0.0992307240174018
TTATCC,0.09861036110237667
TACCTT,0.0949163886330906
TAAAAT,0.08789527483778486
CGACTA,0.08492019761298936
CAGCTT,0.08204628285351544
CAGATC,0.06279020775603139
