Token,Importance
AACGAT,0.09397862724951687
GTGCCG,0.08800461483369335
CCGCAC,0.08554524280243674
AGGATT,0.06985542799450727
TTCGGC,0.06516311672000764
TGTGCT,0.06251264957463534
GGTGCG,0.059821185108063835
GCTGGA,0.05861027319979051
GCGTCG,0.055765758760804494
GGACCC,0.05566776976731862
