Token,Importance
TGGGAG,-0.0004741228685525464
GTTTCC,-0.0004192720455040395
GACTGG,-0.0003557862053672376
GCGGCC,-0.00035371051847492215
TGGACC,-0.00033731701361480433
CCCTGA,-0.00033467965266860276
GTCAGT,-0.0003051628410825194
TGGCAG,-0.0002536227021473256
CAGAAC,-0.0002468360940326586
TGGTCC,-0.00024541260127265035
