Token,Importance
CACAGT,0.0001967815501781177
GCGTCC,0.00011973065485651193
GGGGAC,0.00010782051713018208
GGGCCG,0.0001040319794790493
GCTGGA,9.130061018337365e-05
AGGTGG,9.124154348284602e-05
CCTCTA,8.380149294197033e-05
AGCCCC,6.712403618518026e-05
CCGAGC,5.7074925799599e-05
GCCGCG,-0.0011847363323374913
