Token,Importance
TAGGGG,0.11367599543175692
GCTAGG,0.11030945840252707
CTGGTC,0.10758016948145399
AGGCAG,0.1070169670653343
GAAAGC,0.10072747680571174
GAGCAG,0.09271219481566403
GGGACC,0.0925156239861062
GCTGAG,0.08806373357620415
AACGGG,0.08125876864203584
GTCAGG,0.07638237973604231
