Token,Importance
TATTCC,0.0013089498723455805
TCCCGT,0.0012648296743747868
ACCCAA,0.0012078431811147036
GCCACA,0.001196524461085468
CGCACC,0.0011540122385356219
CAGTTT,0.0011404435736455346
GGAGGA,0.0011011309652412034
CATCCC,0.0010504296979783176
CCCACC,0.000847812859501999
CGGGAG,0.0007437713315942153
