Token,Importance
TTCACG,0.012770863137219915
TAGCGG,0.009873740982215619
GGCGCA,0.00961686709984104
GCAGGC,0.009477601009024665
TCCCCG,0.00840897563015164
TGGCGC,0.00777190012393043
CGGATT,0.00759963472272101
GGCAGG,0.0064338251492265935
ACGTGT,0.005947618121829357
CCGAAA,0.005023130827477695
