Token,Importance
CGCGCC,0.07794520070476235
GCGCGC,0.05334058667320996
CGGCTG,0.04493389491719621
GACCAC,0.04288302887435409
ACCCAT,0.04223711317170822
CGGATA,0.037084796555717274
CCAGTT,0.03403314524582346
TACATT,0.030370782994043378
GCGTTC,0.028951301871198598
AGATTC,0.0263500843520343
