Token,Importance
CTCTCC,-0.021874652099624324
CCTGGC,-0.014953694989824518
CAGCGG,-0.013497204841061426
ATTTCC,-0.010125427802759069
AAAGGC,-0.008065915375758952
AGGCTC,-0.007774854166576955
TGCAGG,-0.007014590389241376
CAGGAA,-0.00649584980567533
GAGCCG,-0.006167944382031547
AAGCCC,-0.005314056065524952
