Token,Importance
TTGGTG,0.005299098203004416
CCGTTC,0.004668344644487405
GGTCTG,0.004577414214976018
GGTCGT,0.004419853217669809
AAGGCC,0.004408556596020281
GGGACG,0.004309610350211319
GCATGC,0.004295928527076005
GACCCG,0.003858373765229515
GATATA,0.00367713100537036
TCTTAG,0.0032020622940588674
