Token,Importance
AGGTAT,0.07564851341895057
TACGTG,0.07484530847996178
ATGTAT,0.0687985384299104
TATACC,0.05839517291140938
ATCGTC,0.05350035554589092
GCGATG,0.05212746098777881
TACAGT,0.046224247881069026
GTCGTT,0.04452884910233352
TTCGGA,0.040740711748913805
AGTAGC,0.033428361277215164
