Token,Importance
TTGGTC,0.035858073927384666
GACGCC,0.03486097373665596
GCCCTC,0.03438554687805067
CGCCGG,0.03418593515329008
GCGAGG,0.03257257831125311
CCCGGC,0.03152602930914478
AGCGCC,0.031209661468659406
ACGCAG,0.029456026054868134
AGCGGC,0.028295763443849254
GGCGAG,0.026290003524914854
