Token,Importance
TTCTCC,-0.010901116235642565
AGGAGC,-0.009632109019361795
GTCCTC,-0.0066157944766492265
AAATGA,-0.005331773639707841
CTCTGG,-0.005126068459876346
TGTGAA,-0.003767353481526111
CCCTGA,-0.003739941335416619
AGCAGG,-0.0036962581565728085
TTGCGC,-0.0026085686964119935
CTGCCG,-0.0015438341556422847
