Token,Importance
CCCCGT,0.11709159221733273
TTTTTG,0.11105566834784511
CTAGGC,0.10747746813167974
AGAATC,0.10581662125618457
GGGCAG,0.10101329250815358
CACAAG,0.09691377367120954
TAAAAA,0.08537772084374487
CGAGGC,0.08144574635738944
AGGAGG,0.08014897391294301
TTCAAG,0.07827075625717467
