Token,Importance
GGTCGT,0.12649640127770517
TCATTA,0.09362159643141257
ATCCTG,0.0916809325862317
TGTACC,0.08683174029906661
AAAATC,0.08478212431480653
TACGTT,0.08448065558333315
AAATGT,0.0746402703664169
CCTGTA,0.07221031280128032
GTAGTG,0.0687081538681624
TCTTTA,0.05497493130755539
