Token,Importance
GCTCGA,0.10904282505648687
CAGGGG,0.10867167079064485
CGCCTG,0.10657550785070474
CAGCCC,0.10257750775224425
CTCCCC,0.10024231206413255
CCGCAG,0.0933639541845057
CCTCCC,0.09121557222618772
GCCATT,0.0896488703776329
GCTCCC,0.08496984636162104
GCGCCC,0.07446451873726734
