Token,Importance
CGCGAA,0.015807375499232074
TTCATC,0.014691019059094973
TCAAAA,-0.011144342438442324
TCCTGG,-0.01011307082789822
TTGCCC,-0.00756259281741392
GCCTTC,-0.006428109349266091
CTTCCT,-0.005921573765095257
CTGCGG,-0.004536603424792656
CAAAGT,-0.004069483792705268
TTTGTC,-0.0035960543575813183
