Token,Importance
CTTTTC,-0.09666800881627717
CTCTGC,-0.09425787575386481
GAAAGA,-0.08324506192233089
AGGGAG,-0.07433715756382078
GGCGGA,-0.06374208790210399
CTCCTT,-0.06040048687885438
AAGGGA,-0.05747942262741646
TCGTGA,-0.056245505341991235
GGAGGG,-0.04674673915412167
GCGGGC,-0.04021803012388914
