Token,Importance
TTTATT,0.01601356610502057
AGAAGA,0.013076299803760828
TCAGCA,0.011865448242692044
CCCTGC,-0.008329871816942266
GGCCAC,-0.006812480925354087
TCCTGC,-0.006531119550216765
GCCTGA,-0.006120061490480618
TCACAA,-0.005686728717641307
TTCTTT,-0.0049533012465179105
GGAAAA,-0.004188264575840735
