Token,Importance
TGAATA,0.10024467774008577
CACTGT,0.09921231196485676
CCCAAG,0.09812253354882107
TCCCAT,0.09242092915266012
CAGAGG,0.09117963625392977
TCCTTA,0.08577389838989972
CCCAGC,0.08575276646897953
TTGGGA,0.08256595522522446
CCGAGA,0.07257822509499827
GACTCC,0.07130386353854082
