Token,Importance
AATGTA,0.11415384574350435
TTGTAA,0.10448914683920515
AACCTA,0.10402856669205465
TGGTGC,0.09691178595714658
TTATAA,0.09532971032774493
TCAAAA,0.09255116243683092
AATGTC,0.08646505437999462
TGGACA,0.0843659591423372
GTCTGA,0.0789806606016954
GAATAA,0.0773882187747324
