Token,Importance
CCCAGG,-0.05969661234295239
CGAGCG,-0.042556439134827234
TGGGCG,-0.04241810659343302
CTGTGC,-0.04160969720872829
AGCGGC,-0.04002809963127436
AGGAGG,-0.031310970550374496
CGTACC,-0.026312750569042028
GGCCCC,-0.022526534272115692
TGGTGG,-0.016298770525479345
TAAGGG,-0.016027270886062137
