Token,Importance
TGTCTT,0.051044988695377116
TGCAGT,0.04095152072925959
GGTGGT,0.03954736882889861
ACATAG,0.038118145769363974
CCTATA,0.03401814461462305
CAAAGG,0.033465540184195584
TAATTA,0.03139461470300679
CCACAT,0.030076210231772618
GGAACT,0.029339663422707423
GAGAGT,0.028234882415222973
