Token,Importance
TCCGCG,0.127583282753414
CTCGTG,0.0867264421668995
AATACT,0.07305373720389458
CCGATC,0.07199078912905621
TGTGGC,0.06892059675506922
GGACAA,0.0527473903420056
AATGTC,0.05191471040835205
AAACCT,0.051694052876295804
GGTGCT,0.05094916999000566
GTTGGG,0.042825828959371336
