Token,Importance
GGTCCG,0.04769949027051978
TTAGTA,0.030082833222566267
ATCGGA,0.024932867378854084
CCCGCT,0.020548687756629075
ATGCTG,0.019668179010220648
ATCCGC,0.01957819603885739
ATATTG,0.016933518699193992
AGATAA,0.01276444397298729
GCACTC,0.011255920376734396
CTAGCT,0.010676492832260707
