Token,Importance
AACCGC,0.10308807392529203
GCATTT,0.1020439821213592
CATTCA,0.09937374002135935
TTGCCT,0.09645732141093814
TTTACT,0.09530196048658274
TGGCTG,0.0948404975596887
TAAGTT,0.09229003357596059
ATTAGG,0.0820317469992653
TTATTA,0.0816989826586838
AGAAAG,0.08070308432199991
