Token,Importance
GCTATG,0.12811793484880543
CTGGAT,0.10898085870692929
CCCCCT,0.10571935868657512
CCTTTG,0.09655920511015485
AAGTAG,0.09558010242434768
GCCTTA,0.09556890339720503
TTTTAT,0.09430641125376737
ACTAAC,0.08540211697172458
AAAAAA,0.07660995725859496
TTAACG,0.07466919229537537
