Token,Importance
TTCGTT,0.05018537679581778
GACACT,0.04692766933150823
AATAGG,0.04266039485814215
GCTCGT,0.04159107155177934
CGCGCT,0.03711541112084724
TGCGTT,0.03456244492921668
ACCCGT,0.034164317093158876
AGTACT,0.034139589966210956
CACTTA,0.03143482308372977
CGGGGC,0.0252775335348997
