Token,Importance
AACATA,0.12168408200937622
CAGGAC,0.11228805384921746
CTGACT,0.10263989392737215
CAGGGA,0.09813370260026202
AGTTTT,0.0918579226597843
TGTTAA,0.08876969448977577
TTCAGC,0.08664259425529222
TGGTTT,0.08310411534743174
AGTAAA,0.0823377445401472
CAGAGG,0.07629178322389976
