Token,Importance
ATGTCT,0.06218711447609128
TGCGGT,0.057333786525831924
TGAGTA,0.05117817037925044
TATCGG,0.04993201421438165
AAAACT,0.04244073178714208
TAGCAC,0.03356221242504011
ACGTTC,0.03265446546377147
TGAGCG,0.024287450974579777
CACCGA,0.023242837072875604
CTTCGC,0.01766367624666021
