Token,Importance
GTCAGT,0.12009292494773738
AGCTCC,0.10535595775375059
CTTGAT,0.1004105069446595
TTTGGC,0.09974145559470286
TGAAAT,0.09935278016994631
TACTTT,0.09801916315226054
AATATT,0.09097288410045776
CATGGT,0.08727401535069695
CGCAAC,0.08663935369552511
TTAGGC,0.0752731409444892
