Token,Importance
CGTAAT,0.11218563067442078
TGGATA,0.1004790619843141
CCGCCA,0.09166194583658033
ATGAAT,0.0821323841386437
CGGCCG,0.07330821986089191
TCAGTA,0.07261668790925453
GCACTT,0.0725639595385008
CTCCCC,0.06854680372955177
TACCAC,0.06211393138944374
AATGCC,0.045839599537405795
