Token,Importance
CGCCGG,-0.04032942398984014
CGAGGG,-0.013243528145523717
GGTGGC,-0.013106548249151296
CGCCGA,-0.01210574625403639
CTGGCC,-0.012000279636480184
GCAGGC,-0.009492284773506719
GGGTGG,-0.009142299769485562
GGGGAG,-0.008970213504326759
CGCTCG,-0.008022510191457066
GCTCCC,-0.007342936859590782
