Token,Importance
CACCCA,-0.00485364575569787
AGGCCC,-0.0034206461010501663
TTTTTT,-0.0029503519953508195
TGGGAA,-0.0027589883114346085
CAGGAA,-0.002304799454177225
CTGTAT,-0.0021307559129538477
AAAAAA,-0.0019536205427757025
TCTGAG,-0.0019236537446385444
TTGTAA,-0.0019183119614781066
TTTTTC,-0.0017174657124012886
