Token,Importance
TAAGGA,0.10704491032425531
TTAACA,0.10521051427636616
GGTTAT,0.10474355517595928
GAGCTC,0.0964159770118887
TAGTAA,0.0963878233060168
GTGTAG,0.09130282232241244
AGCAAA,0.09097480429497976
TGAGCA,0.0884043598948584
AGATTT,0.08459743477761253
TCTTAA,0.07351186523505818
