Token,Importance
CACGTC,-0.09459987229555421
CTGCTT,-0.07011670279568612
CTCATT,-0.06568143384521481
CAGGCC,-0.06274286324230216
TCCACC,-0.06229628651054165
TCTCGC,-0.06208125748650774
TGGTTG,-0.056984719339107794
AGCAAC,-0.056064387430049864
GAGTGA,-0.05368801986153737
TGTTAC,-0.04504680499884889
