Token,Importance
AGCCAG,0.08861442230558335
CGGTCC,0.08833075602829187
CCACGC,0.08770664281357644
AGCTTC,0.08133935794360425
CTTGCG,0.08009626468304425
GCGGGG,0.07544783478392457
CGCTTC,0.0748498118815675
CCGGGC,0.07300901327019615
CCAGCC,0.06995696184120613
CAGGCC,0.06227524105534568
