Token,Importance
AGTATA,0.10224831741746178
TCAAAG,0.09944126189850612
TTTTAG,0.0964443337966738
CCAGGA,0.09267532540716805
TGTGTA,0.09187514222970494
TATTTT,0.08792632556907337
GAGAGA,0.0858992940995359
ACTGCC,0.08245578035087102
GCCATC,0.07918333695595092
CTTTCT,0.0697690129559729
