Token,Importance
AGGCCT,0.1111267274984171
TCCCGT,0.10880965353425917
CAGCCT,0.10866570063559777
GAAAGG,0.10019157962677606
AAAAGT,0.10006066607900131
GTGGCC,0.09382670865411055
ACCTCC,0.09355496479751486
TTAGGA,0.09035285362507128
CCTGAG,0.08723530173243327
CCGGGC,0.07575765224370157
