Token,Importance
TCCGCC,-0.00022801202662991524
CGCCTC,-0.00022738523153066024
CTGGGC,-0.00019765834520080457
CGGGCC,-0.00016326378492215318
GCGCCC,-0.0001575296630001365
CTCACC,-0.00012785086982066647
CCCCTC,-0.00012749837459785122
CCCCTC,-0.00010398006912190818
TCCCGG,-8.405016070828198e-05
GCAGCC,-7.439462249868994e-05
