Token,Importance
CCTTTG,-0.02622506366098929
ACAGAC,-0.02220401353219801
CAGGCT,-0.016980121727164087
TCCCCT,-0.012035495991835649
CACCAA,-0.010459291673991056
TTCTCT,-0.010414198709863313
GTCAAA,-0.009116327345889292
ACCCTG,-0.007898133621400698
CTACTC,-0.004954507790623703
GCAGGA,-0.002246484206837887
