Token,Importance
GGCGAC,0.12098338023927234
CCTCCC,0.09873499662134243
AACAAA,0.09778193436132603
GAGTAC,0.09680319293151692
CGACGG,0.0964125594542206
CGTACT,0.09606926695353468
ATAGCG,0.09460101503090647
CGCCGG,0.09228360922130385
GTGCGC,0.07574203086361753
AGGCGG,0.06899760200099303
