Token,Importance
GCCATT,0.018014387639330113
TAAAAA,0.007590845608483213
CATCAA,0.0070009397722485
TACAGC,-0.007929222753478914
AAAGGG,-0.004823680202149124
TACTGG,-0.00468870823560526
AGAGTT,-0.004670851623007673
CATCAC,-0.0038581186875999117
AAGCTG,-0.003771351579235526
CATTTT,-0.0037617966883907545
