Token,Importance
AGGATA,0.13835836573992286
AACGGG,0.08787515441375864
TATAAG,0.08397867231243142
CGAGAG,0.05897810817444092
TGTAGG,0.05891211777450435
ACTTTT,0.05422400361547364
AAGGTT,0.04887500126183592
CGGGTG,0.04822051518597803
AGAGTG,0.04435012066042709
TACACA,0.04195406773602401
