Token,Importance
GCCGAC,0.02058952830512262
CAGGCG,0.019261318694912582
TTATCA,0.018011925214083707
GGGGTA,0.012775977852993382
CACGTG,0.012361820906176739
TCTAGT,0.012320481281187326
CTCCTT,-0.02812844410428477
TTCTTC,-0.025872684019974047
TGTTCT,-0.024947092399295996
AAAACT,-0.016215531052374058
