Token,Importance
TAAGCA,0.1150747570878225
TGTTTG,0.11114409657560186
AAGTCT,0.10491056370791452
ATTTAA,0.10407544531933954
TCAATT,0.10377276214226167
ATTTTG,0.09691479262641696
CATTAT,0.09075983312403892
CAAGTT,0.08676759061271114
CTACAA,0.08374186874394307
GGTAAT,0.07598622763157968
