Token,Importance
AACCAA,-0.05299077892774855
GGAGGT,-0.05048409521042354
CCAGCT,-0.03883898397559225
GGAGGT,-0.038204805648903
TTCCCC,-0.03556570946836825
CCAGGG,-0.0338787620378258
AAGCCA,-0.029196122041630898
CTCCCT,-0.026207149872250476
CTAGGG,-0.024968819726804953
TTTAGC,-0.01784032272797864
