Token,Importance
AATGGA,0.11048413368389334
AACAGC,0.10340690802546146
GTAGTG,0.10002283385402898
CGGAAC,0.09204305894347575
AAGTTA,0.09067794068342909
TCCTGT,0.08956140207187775
ATTCTT,0.08516157490288587
TTTTTT,0.08445146206945732
ATTAGC,0.08131000412042885
CTGAAC,0.06920660730119021
