Token,Importance
ACGAAG,0.00363183442546622
GCCCTG,-0.0028593395441134112
TCAGCC,-0.0013573929903256947
AGAGGT,-0.0013235523305849
GCCTCT,-0.0010437854906530655
GGCCCT,-0.0010152999476031638
CACAGC,-0.0009495702421630279
GCTGTG,-0.0009458425007783194
TGGCTG,-0.0006718222294904528
CCAGGA,-0.0004023014792101738
