Token,Importance
ATATGT,0.014123401625220841
CCTATA,0.0126999887175923
ATACAA,0.009168998207046898
TGCTAA,0.004856493607056943
TTGAAT,0.004258559096265997
GATCTG,0.002608495678488821
ATGCAC,0.0019350209411529353
TCCGGT,0.001602213899781109
AAATTG,0.0012994455919593806
CTCGCG,0.001251124539410296
