Token,Importance
CTGGCT,-0.0003837932253669201
TTCTTT,-0.0002649360145414679
CCGCGC,-0.00025846844610738306
TTCCGG,-0.0002341423124362966
GCGGGC,-0.00023187181398768133
GCGGCA,-0.00021366483481519426
TGGGAG,-0.0001962965356293704
CCGGGG,-0.00017967870619069512
GGGGGG,-0.00017821524266526238
TGGGAA,-0.00015331337941694334
