Token,Importance
TGGTCG,0.0354128560216568
TCAATC,0.021604025675184484
TGAATA,0.020660533970029784
TCATCG,0.02034557785196787
TAACTG,0.013657365830489425
CGATTG,0.012417375392455432
CTTCTC,-0.028107571652388377
TTGGCT,-0.025550833400722762
AAAAGA,-0.024892912397732374
GGAGGA,-0.020331723353489838
