Token,Importance
CTCACG,0.010642274694840219
TAGAAA,0.01032905913881948
CCCGGG,-0.0062715137934466385
CGGGGA,-0.005490624746589925
CCTGCC,-0.004757745448237458
CCCTTC,-0.0038255168555107674
CCCAGC,-0.003626135961496048
GTCCTC,-0.0030156420702955886
CCGGGC,-0.0029874336437273395
GTGGGT,-0.0015673817859228854
