Token,Importance
CCTCAG,-0.00015878468481630826
CCCGCC,-0.00015094684484131014
CGGCCC,-0.0001268974851750946
GCCCCC,-0.0001221960934217253
GGTCCC,-0.00011849503881250514
CCCGCC,-0.00010829240746558268
CCCTCT,-0.00010698674340712437
CCCGCG,-0.00010103347224290284
GGCCCC,-9.752731971650887e-05
CGCCTC,-8.598076742680419e-05
