Token,Importance
CGCTCG,-1.2040662377129694e-05
CTCGCC,-1.1082173073670045e-05
CCCGCC,-1.0377640838964836e-05
GCCCCC,-9.524578913402458e-06
CCCAGC,-9.498287102296238e-06
CCCCGC,-9.192609565605209e-06
GCAGCC,-8.766008534662638e-06
CGCCGG,-8.673016818610213e-06
CGCGCC,-8.67256160114235e-06
CGCCCG,-7.776292024966642e-06
