Token,Importance
GCATAC,0.0929675107986645
TTTACG,0.08738334948852833
TCGGAA,0.07587310187735286
ACATGA,0.051909939829860266
GGTACA,0.047073712005511185
GTCTAT,0.04461178661162407
GCTTAA,0.04366250201365426
GGGTAA,0.041605907250616476
GCGTCA,0.04128849755137576
CCTTCG,0.04019867571559443
