Token,Importance
GGCCGG,-0.002138170018844395
GAGCTC,-0.0018885765527579788
TTTCCG,-0.001825530455174389
CCCAGG,-0.0018088823213462052
AGACCC,-0.0017502521001179696
CCAAGC,-0.00152252432741204
CTCACC,-0.0012919533389767056
CTCCCC,-0.0012586159865933116
CAGGGG,-0.0011911259889339477
CCAGTC,-0.0010502983628807366
