Token,Importance
TTTGTA,0.040617282280746875
TGAAGT,0.030215784364859343
GGCGGG,0.02490481627645106
GCGCTT,0.022581717046092204
TCACAG,-0.02781842182372278
TACTGG,-0.0266364726754904
AGCTGG,-0.025240134401625865
TGGAAG,-0.022570579483040653
TTAGAA,-0.019501707920103105
CGCCTG,-0.013460170117139583
