Token,Importance
TAATAC,0.11397803184534923
GGCGTA,0.09130456204396775
AATAAA,0.03851688782552718
TTACAG,0.03092472038791796
TGGTCG,0.029074272778902385
ATAGCT,0.02715161037610289
GTCGGG,0.02377514788168319
ACTGCC,0.020007251125193755
GGGATC,0.019855111791671584
CCGTGG,0.014134273762084426
