Token,Importance
CCCACG,0.0004468285745939154
CCTGCT,0.0003863744613414063
CAGAGT,0.00034483680755746453
GCCAGA,0.00032559310791157117
GGAGCT,0.00029416527328670174
GCTGCG,0.0002584344178814482
CAAGAC,0.00023555514266680524
CGGGCG,-0.0017817893181854565
CGCCTC,-0.0008597980065302228
GGCGGG,-0.0005945703291900326
