Token,Importance
GCGGGA,-0.0002651038200734657
GCCGGC,-0.000238659027417466
AGGCTG,-0.00022435310696597178
CGCTGG,-0.0002022419499401201
CGCACC,-0.0001815643452909615
CGCCCC,-0.00018114320612921503
GGCGCC,-0.00017796077602805763
CGCCAC,-0.00017613768786732938
AGGAGC,-0.00017220052148864476
GCAGCG,-0.00016505130520914544
