Token,Importance
CGACGA,0.08081600942054433
CGTAAG,0.03947236175864426
GCCCAG,0.028636800858272513
CAGGAG,-0.016268293405484573
AGGAGG,-0.014244566421433652
CCTGTC,-0.014050796721800011
CTGCAG,-0.013699071339581339
TTCCAG,-0.011930903993772418
CAGGGG,-0.009565317373316704
AGAGTC,-0.00951560097673164
