Token,Importance
GCGTAA,0.028469888645147236
CTCGTT,0.025145653913541795
TCCTCC,-0.019551586601857036
TCTGAG,-0.015119717731823301
CTCCAA,-0.013807537942365966
CAGGCT,-0.013619427857434864
AGCAGA,-0.012743653416380103
GTTCTG,-0.010222628163007298
AGGACC,-0.009782312975836592
CATGGG,-0.004604963809423955
