Token,Importance
TCTCGT,0.0593995261036272
CGTTAG,0.045499744282009744
CCTACC,0.0395284684613176
TAGCCT,0.027366657939752362
AATAGT,0.02097751857974434
CCTCGA,0.020901767178788146
GCGCGG,0.020525562255331864
CAAGCG,0.0198893392755815
TCCGTA,0.016164747902336296
AAATCG,0.014613347928355823
