Token,Importance
AGAAAA,0.021484001585318213
GGGTTT,0.021425401112297102
AGAGTT,0.02118646412146795
GTATGT,0.020893067326359142
CTCCAC,0.020467129979336755
AAAGGG,0.0204362726488289
TCTACT,0.020207211761108332
ACTCCA,0.019728123015668897
AAGCGG,0.011659521884357503
CATTCG,0.010940308535116822
TCACTA,0.010912949356131147
CTTAGG,0.00848624015801432
AGCGCA,0.008324771975479687
ATGCTT,0.007448087719276893
CCCGGC,0.006094645412383863
