Token,Importance
GAGGAG,0.024452022429319865
AGTCCC,0.02395909712425783
GTGTGG,0.023268042167977288
CTTAGG,0.02310432149027219
CTTGGA,0.022232135449007796
TGTGAG,0.021896848508369805
ATGACT,0.021720620857421102
AGGACC,0.02122342999099491
CTTTGG,0.020718460373307934
CCCGGG,0.019923075522771533
GATCCT,0.009746210077056632
ATTCCA,0.00964962717331429
GTACAC,0.008021016335713917
TCTGGA,0.00673912755007325
AAATCT,0.0059686810227214246
