Token,Importance
AGGCGC,0.002252799693157507
CCGGAA,0.0018976852875034688
CTGGAG,0.0017560260175379626
AAGAAG,0.0014266019990730923
TGGTCT,0.0010935543835577175
CCTGAC,0.0009444688514829028
AGCTCT,0.0009196658924462639
TCTTGG,0.000561424442463091
ATGTCT,0.00042901790333891416
T,0.0002403545249276735
CACAGG,7.595625985345447e-05
TGTGAG,-0.00043304940300567307
AACCTT,-0.0007327280827241173
ATTAAC,-0.0011235681047963844
CTAAAT,-0.002466018292513941
