Token,Importance
AGAAAA,0.02316908407302367
TTTCTC,0.022856148180787197
CGAGCC,0.02220660566472594
AGGACC,0.021777048963748945
CCCACC,0.021664796211283834
CTCCTC,0.02139225538243742
TGTGGA,0.02130727840393392
CCCAGC,0.020039230809917433
CTCTTC,0.01393417661641974
GTAAAG,0.009870591957086403
GGGATA,0.008704922582077855
GGACAT,0.008089703539555388
GTCTCG,0.007985815349902415
TGTGAG,0.003556949083928221
TCCCGG,0.001622410485501746
