Token,Importance
GGCGGC,0.002241895250171261
CGGAAA,0.0018893036342471374
GCAGGA,-0.003914172955312147
GCTCTT,-0.002400433485469581
ACTTAC,-0.0019281657816310035
GGCGCC,-0.0014185867073852492
CTAAAT,-0.0011657367317047258
GTTGCC,-0.0006716631985874929
TGGCTG,-0.0005969679075427686
GAGGAG,-0.0004925479445404661
