Token,Importance
GAGCCG,-2.9904246196026917e-05
GCCAGC,-2.014788709252197e-05
GGCGGA,-1.927121575211119e-05
GCGCGG,-1.471551546249709e-05
CAGCCT,-1.4333618865901526e-05
CGCCCA,-1.342417001478011e-05
CCACCC,-1.307078514204234e-05
TGGCTC,-1.0708251645861165e-05
GAGTGG,-1.0344267619446468e-05
GCCGGC,-1.0214574507703952e-05
