Token,Importance
CGCGTA,0.15004895938849533
AATGTA,0.06949753070180596
TGACTA,0.06290077586141862
CCGGTA,0.059125588736726235
CCCCGT,0.0458960709152536
TAGGGC,0.04560758802889764
TAAAGT,0.04114284295261605
GTGGGA,0.03394750368578066
GGTGGA,0.033870865012522525
GCGGCG,0.03144566284703654
