Token,Importance
CGAACG,0.0015665760136934753
AAAGGG,0.0014647958810264713
ACTGCT,-0.001917183553507789
CTGCTT,-0.001072858354882949
CAGGGC,-0.0009398165452372923
GCGGAC,-0.000731212013478616
GGCTCC,-0.0006017614659225069
CCCGAG,-0.0005815466941164179
GCCCAG,-0.0005667889031897962
CCCAGG,-0.0004567213531975244
