Token,Importance
CTCTCA,-0.0002859163743694178
TAAAGG,-0.0002351323287957491
TATTTA,-0.0002063367477798694
CTTCCC,-0.00017567458758176795
GCCCTG,-0.00017010313165899215
TGCTGT,-0.0001659861533002004
AGGGAG,-0.00012050256885714485
CTCTCT,-0.0001067544649605009
TTAAAT,-8.833692400412197e-05
AGACTA,-7.771464137067793e-05
