Token,Importance
CAGGTG,0.09986126592284499
CCGGCC,0.0962214621413045
AAGCCA,0.09485336980907966
TTTGAT,0.09389542781343246
TCCCTA,0.09271528040708182
GATGCC,0.08898498424290995
GGCATC,0.08676649044230936
TTCATA,0.08525096288833157
CCCCAA,0.08381168548484628
TCAGTA,0.0778819440150129
