Token,Importance
TCTATT,0.09819915090147682
CATCCT,0.09720569043278764
CTACTT,0.08943753288535301
CTGAGG,0.08165119797770293
TCGAAA,0.08127639616545944
GGAGGC,0.07949999405829289
CTACTC,0.07922423539711887
CTACTA,0.07508363631856181
GGAGAT,0.07161152009344587
GGAGGC,0.05853552680367946
