Token,Importance
CTTGAA,-0.05085629101210775
AGGACC,-0.04204190626783954
AATCTC,-0.040366184841252095
GGAGGC,-0.03885947188090865
GAATTG,-0.037169933004298245
TTTATT,-0.0351858976112252
GGTGAC,-0.033706531598884995
CTTGCC,-0.029680067938896507
TCTTGC,-0.02758423888631027
ACCAAA,-0.02491515491383678
