Token,Importance
GCCCGG,-0.0011100846635963475
GGCGGG,-0.00081863867061889
GCCGGG,-0.0005596314229814299
CCGCGC,-0.0005314173201053746
CGGGGA,-0.0004926753417934675
TCCCGG,-0.0003781033835842981
CTTCCC,-0.00032910558683118553
GGGGGG,-0.0003205834760484725
GGCCCG,-0.00029675477536911563
CGCCTC,-0.00020432107820745436
