Token,Importance
ATATGC,0.058854656428258934
CTCACG,0.052953681750585395
CTGTTT,0.04698924726110466
CGGCCA,0.044657765808665206
CCTATT,0.03779540269774405
TGATAG,0.031747461250207915
CCCCTA,0.031087809431748974
ACCCGG,0.025582585932496557
GCGCAC,0.022244742136018285
TGAGGC,0.01562015664330707
