Token,Importance
TTAATT,0.0034520586772045832
ACCTAT,0.0024022728387075054
CGGTAC,0.0022581919950999795
ACACAC,0.001021307705023086
GCCCGC,0.0008724568786183758
TTCGCA,0.0008600140899432475
CTTGCT,0.0005311352924038954
ACGCTC,0.00036859576412317456
GTGATC,0.0002719693168458222
TACGAA,0.00020898228146919856
