Token,Importance
TAATAC,0.0027703038838763016
AAGTAT,0.0021010304373159953
ATCAAT,0.0020824183115285195
CAATCG,0.001975463222347963
AAATTT,0.0017344311978357235
GGCCGC,0.0013884205234670499
ACAACG,0.0012849320189584697
TGGATT,0.0012548051059519587
TCTATG,0.001110330049287961
GTCTAT,0.0010883399026742936
