Token,Importance
TCACGC,-0.00010756104114841627
TCACCC,-9.488389395509047e-05
AGCCCC,-9.127888582340477e-05
CCCGCC,-6.848045542311683e-05
CGCTGC,-6.6972043839321e-05
CTCCGC,-5.208392709068539e-05
AGAGCC,-4.43530587294068e-05
CTCTCG,-3.71352390274425e-05
GGGCTC,-3.3901719341298766e-05
GCCCGC,-2.660008987783271e-05
