Token,Importance
GTATTG,0.012516295712984371
CTCAAA,0.011204128694210929
TCCTGG,-0.01090111207780715
AGGAGG,-0.010370149120886504
CCCCCC,-0.004730550643150739
CCCTGA,-0.004343045143505818
CCCAAG,-0.003491504519194473
CGGGTC,-0.003349837911123704
CAGGGC,-0.0030254294775086807
GACAGA,-0.0019554550046007695
