Token,Importance
ATATCC,0.006998388294243182
AATCAT,0.00691361280135536
AGGTAT,0.003836233284432387
CGTCGT,0.0017200967706347064
CATACT,0.0015529786936167792
AAAGAC,0.0014736634556082148
TTCAAC,0.0012756051663772184
GTTCGT,0.0011942952629124808
ATCGTA,0.0010409620393935298
ATTACA,-0.003761974212521127
