Token,Importance
TTCCTC,-0.01071101905529995
TCAGCC,-0.009180326355066751
GTTTCC,-0.008712340117380516
TGGCAG,-0.008129607356695304
GAGGCG,-0.006153044557996919
GCGGGC,-0.005997929117501568
TCCTTC,-0.005805256482731718
CGGAGT,-0.005254328834951644
TCCAGC,-0.004911637617486697
GCGGCG,-0.0038034566683755834
