Token,Importance
GAGATT,-0.0270666866573231
GAAAAA,-0.025335408154830926
TTCCAC,-0.021561191071836336
AGCAGC,-0.018556084519423168
TAATTC,-0.01832333151269912
CTCTTT,-0.01638582135501221
AAGAAT,-0.01578071650302961
ATACAT,-0.014901483795123545
AAGGCC,-0.014324228880241378
AGCTGA,-0.008726838017161703
