Token,Importance
ATATCC,0.05484081921346999
GGATAG,0.04261748654695342
CGGTGC,0.032354568334865934
AATGGG,0.02816516491388002
GGTTGT,0.020351468978712893
CCAGGC,-0.024935136398344132
CTCTGC,-0.022397461390032906
CGAAGG,-0.02181263796281643
GGGAGA,-0.019221414149799276
GCGGGG,-0.01648413197553678
