Token,Importance
AGCCGC,-3.208391053154327e-05
GCCGCC,-3.0856854641631307e-05
CCCACC,-2.948715183279227e-05
CCCGCG,-2.0922795475359822e-05
CCCCCA,-1.876362268626774e-05
AGGCTG,-1.8662201010512294e-05
GCGGGG,-1.6501059695131684e-05
ACCTCC,-1.4425674115845119e-05
TCCCGC,-1.420084511995096e-05
GCGGGA,-1.3732954674604522e-05
