Token,Importance
TCAGCC,-0.06735679134913489
GGCTCG,-0.0645474343749016
CCTCAG,-0.05389338930435789
GTCAGG,-0.05217643097624217
CCTGCC,-0.05157190312722955
GCTTCC,-0.051513992835921875
GAGACC,-0.04918097740009493
CTGGGT,-0.049130843717913555
TCAAGC,-0.04694662047351104
TTTTAG,-0.04069725388874984
