Token,Importance
CAGCTC,0.01805491841026135
TACTCC,0.016349491543426315
TCGCCG,0.014910730367014872
TAGCAG,0.014856391986546298
GGTATG,0.014810664200027116
ACCGGG,0.012940844369949495
TTCCGG,-0.032553287715967945
CCAGGT,-0.024138923004152463
TCTTCC,-0.015134291909676526
GGAAGC,-0.012629361901320194
