Token,Importance
AGAACG,0.03836603672108735
TTCGCA,0.03160333327515561
CTACAG,0.026512559584967857
ATGATC,0.025373902690784125
GAAGAG,-0.02838737984418146
AAAGCA,-0.02744818410923186
GCCTAG,-0.021604011104645122
CAGCTG,-0.018408728601936944
TTTGAG,-0.017319549328511867
TGCCCT,-0.01671112418428649
