Token,Importance
GCTGCG,-0.00013473888793852918
GCCGAG,-5.935971061411331e-05
CTCTCC,-5.264239676328885e-05
CCCCCG,-5.1704454168059286e-05
CCCCGC,-4.093990606516093e-05
CCCCAG,-2.900072094760157e-05
CGCGGC,-2.6881915224985526e-05
GGCAGC,-2.3618072604130963e-05
GGAGCC,-2.2421372030388813e-05
CCCTTC,-2.060912686127007e-05
