Token,Importance
ATATAA,0.027504471285330397
GTGTTA,0.009521768281385295
CATATA,0.006610341875070883
AAACCC,0.005615627450367571
ACCCAT,0.005529328174835067
CATCTA,0.0047651452972446535
TTTACG,0.004554327582907962
TCCCTA,0.004003412312571982
CCTGTA,0.0037137416189912636
GCGGAG,0.0036811305215098955
