Token,Importance
TGCTGC,-4.208669614734845e-05
GGAGGA,-4.144109818922024e-05
CGCCGC,-3.9579145305017796e-05
GCGGCG,-3.952117822842063e-05
CCCGGC,-3.7348274145832916e-05
CCCCGC,-3.701018256973362e-05
GGGCAG,-3.375424768734897e-05
AGGGCT,-3.3238441382717264e-05
GCGGTG,-3.0113420264666917e-05
CTCCGC,-2.8966281965705023e-05
