Token,Importance
GCATCG,0.06101308851568103
GGTGGT,0.03909516988166625
TATTTT,0.03689692835991922
GGATCG,0.03470017310914681
AGAAAC,-0.03899206948823015
AGGTGC,-0.03576792087882015
CCCGAA,-0.026697137576725857
CCAACA,-0.0214986452194235
AAGGCG,-0.02048030465900792
TCCGGA,-0.020267623993862387
