Token,Importance
TCTATA,0.0045912512575574296
GACGGT,0.002966162538391378
GACGTA,0.002682931503543816
CGGCAG,0.001596218212960428
TAACAT,0.0015915006297102046
GAGTTC,-0.002110419159164469
GGGGGC,-0.002042937465861115
TTGTCA,-0.001730960629305605
CTCACG,-0.001624675974867134
GGCCAG,-0.0016010022894220415
