Token,Importance
TCACGC,-0.003362360460098437
CGGGAG,-0.003265350215860399
AGAACC,-0.0028067044026016718
CCACCA,-0.0026081051837639293
ACAGGC,-0.002416275632375996
CCACCA,-0.0021787089602037686
CTCCCC,-0.0017475609848583231
ACTCAA,-0.0017260831112419846
TTTAGA,-0.0011683913106091681
GAAGAA,-0.0010450396925337103
