Token,Importance
CTTACA,0.055455216516138835
CGTGGA,0.04355035956404443
GAGCGC,0.043454372389955934
CCGCCG,0.03617127610819134
CTCTTC,0.03477758565729453
TCGGCC,0.029442064652890804
CGTCGT,0.024713374404662647
GCCCTG,-0.06075734267415882
ACGTCT,-0.05470711036296225
ACACCA,-0.05070063937642394
