Token,Importance
TGTCGC,0.09311058225546671
TACTTG,0.01935172056924806
TTTACT,0.017360779606978016
TCATGA,0.013663241567856744
GTACAT,0.013081885485548965
TCTTAT,0.011381337302108444
ACGAAA,0.011289258741513616
GTCCCC,0.006704014471895458
GCCGCG,0.004894916885161684
TATAGA,0.003448178326462742
