Token,Importance
TGTAAA,0.022670163233393003
CTTATA,0.019048528072137177
TTGTCG,0.015949247348574714
CGACTA,0.015412118726560616
GGGCTC,-0.01670507868673454
TCAGAA,-0.016548450987424076
TGCCCA,-0.01487142837068435
AGAAAA,-0.012504224984266522
AAGAAA,-0.011602660884828796
GGGGAG,-0.010077543216668951
