Token,Importance
CTTATG,0.041565504031699806
AATTTA,-0.0166143610104625
CTGAAG,-0.01454253962860612
TTTCTG,-0.012291428338986037
TCTCCA,-0.010022112686698044
ATTTGT,-0.009242043075227928
GAAAGA,-0.00796086592674785
TGTTTG,-0.004462023527711564
TGTGGT,-0.004059844957024772
CTCTGC,-0.00352411457170092
