Token,Importance
ACTAAA,0.00894021257726979
GGTATT,0.00802787000704801
GAAGCC,-0.00381355950095727
CAAGTC,-0.0034694242282189178
GCTCTC,-0.0031731040770545016
GAAGCG,-0.0024084461776064914
AAGCCT,-0.002198616549346383
GTCTTT,-0.0020699408551327915
GAATTT,-0.0019791276531385253
TTCACA,-0.0014245325043883302
