Token,Importance
TCCTCC,-0.00012077338331358312
TGGAGG,-0.00010731254672668628
CTCCCT,-9.977317920252713e-05
GGTTGG,-9.691369647994847e-05
CTCCTC,-8.629618402877836e-05
TGGAGG,-8.585033104183513e-05
CCAGCT,-8.05665841114583e-05
GGACGG,-7.87169039589892e-05
CCTTCC,-6.775858200000919e-05
TGGCTG,-6.728175546118007e-05
