Token,Importance
AACAAC,-0.03622853896014253
AAAAGC,-0.030560183947194456
AAATGA,-0.028524741966273547
TGTGAT,-0.012655091619650565
TCGCAA,-0.012059045129854737
ACTCAG,-0.010979434254330457
CCTTTT,-0.009544420327846042
TTCTGC,-0.0059722837865026634
CTCAGG,-0.005583077374219925
ACCAAC,-0.00417377918360787
