Token,Importance
TCTGCA,0.024802592596624564
CGCGGC,-0.007115948643679526
GTGCCG,-0.006499664909380229
ACAATG,-0.005837607886384677
GCCGCG,-0.005267132269368818
GGCCGG,-0.004733574283863591
CGGCCG,-0.0040751643817114385
GAGCCG,-0.0037131135906776722
GGCGGG,-0.0036390697174431726
GCTGCG,-0.003287796507852036
