Token,Importance
GCTGAG,-0.08392088082271154
GGGGTG,-0.07941666710810212
CCACAG,-0.07815279390996084
CCGCCC,-0.0764797113331264
CTTCTT,-0.07253442208630904
GTGGCG,-0.0716039232669016
CTTTTC,-0.06708167795893323
TTCGGG,-0.06583376806026416
CATGCT,-0.06368187416105689
TCCTGA,-0.05336528985381328
