Token,Importance
TATCGA,0.0052160908622452895
TGGTAT,0.0051623939791501485
GTTATG,0.004006860363817815
CTATTA,0.003083677425860995
CCTGAC,-0.0037570209534486983
GGAGCG,-0.0028170485755472283
GGAGGA,-0.0024970606423641794
TGGGCC,-0.0024893847907478616
CCCTCC,-0.002104063473901815
ACAGCA,-0.0019569594872323286
