Token,Importance
AGTATA,0.01092251464199808
TATTAA,0.008789685489086008
GATCAT,0.008193385201598511
TAGATC,0.005544488358105559
ATATCT,0.004728329890415492
GCGGCG,0.003341167222373763
ATTCTA,0.003024955393283467
TGTTAA,0.0027057682479882106
AGATTA,0.0025864109617143175
AATGCC,0.0019506852278542092
