Token,Importance
CATATG,0.01805845860182981
ATATCA,0.013317497037982247
TCGTAG,0.011682887569510273
TGCGTG,0.0063513177402411405
TCGCCG,0.006013001840283725
AATAGA,0.00391566245759671
ACGGTG,0.0037720254218555137
CCTTGC,-0.008487619150702992
CTGACC,-0.008296856360319911
TCCAGC,-0.007940994353738288
