Token,Importance
TGTCAC,-0.07125657428693079
AGAAAG,-0.07067338376405995
TTCACC,-0.06339883771169957
GCAGCC,-0.052447146415310814
CCCTGA,-0.05032918631695527
TGAGAA,-0.043343798314716596
TTTGCT,-0.04114239084899179
GGGCTT,-0.0380702963996848
AGCTTT,-0.03789904851693811
GAGCCT,-0.03422454324249369
