Token,Importance
CGTTGG,0.03545421295122807
TAATCG,0.025618405271488988
GAGCCG,0.009023632174667142
AGGCGG,0.0089981650681084
AAGGCG,0.007904530319403805
TTTTAA,-0.013224246866214612
ACAAAG,-0.00948052792975472
TTTAAT,-0.008981456941050611
CAGAGA,-0.007032103572700193
TGAGAA,-0.006632778072216376
