Token,Importance
TAATAT,0.03593703096767993
ATAATC,0.03528110135806135
ACGATG,0.009021863203367696
GGCGGG,-0.010278295707307487
GGTGGC,-0.005957146248267182
GCGTGG,-0.005225076679449893
AAGGGA,-0.005145070551545556
GGCTAG,-0.00477938276260539
ACTTCT,-0.004093595038296808
CTGGGC,-0.003932055725848538
