Token,Importance
AAAACG,0.0012450919280008247
TGAAAT,0.0009569825454746354
CTCCGG,-0.0006974994598711859
GCCGCG,-0.0006330149574861029
GGCGCC,-0.0005206810265778891
CCGGCC,-0.0004496964068997637
CCTCCC,-0.0004220443285670698
CCTGCC,-0.00038010338431302017
CTCCCC,-0.00036932351257347185
GGCCCC,-0.0002035410657260666
