Token,Importance
CGGACG,0.04595255014933747
CTTACA,0.027500829209920783
TTTGGT,0.026280895687758404
GCAATG,0.017235140641347218
CTTGTC,-0.029295028933862904
ATGAGA,-0.02681515858144899
CCTGGT,-0.022700239710905398
TGGAGT,-0.021521517346759562
ACTGCA,-0.020769624712855206
CATCTC,-0.018280823486117967
