Token,Importance
ATGAAT,0.006007119737541941
TATGTT,0.004234775250206337
TCGGTA,0.0032552137064023384
TAAATA,0.0029777347362924303
AACGAT,0.0026664198183687536
CACCTA,0.0016577735535166992
ACCTAG,0.0013417844363481188
CAATCG,0.0013234780839750798
ATGGAT,0.001219008653262465
TACCTG,0.0011100884076095739
