Token,Importance
GATATA,0.008334018057107685
GTATGT,0.005334134778543424
TCCAAA,0.0036139277465070665
GGTAAC,-0.0036661732493048793
CTCTGC,-0.003242726804024889
TTCTGG,-0.0026795540164945273
AGCGCC,-0.002563389665745023
GGAAGT,-0.002115242792248648
GGCCGA,-0.001964816245895082
TCGAAC,-0.0017111670929606504
