Token,Importance
ACAGAG,-0.09600777992289034
TTAAGA,-0.09448461053759347
CGCTCC,-0.09293002284218707
TCCGGA,-0.08805070471013976
CGCCCC,-0.0876652207524698
CCTGAC,-0.08270626521501374
GCCTGC,-0.0782624087539718
GCATGT,-0.07086412467837269
GTTCAG,-0.07004082460830416
GCGGCG,-0.06294343102147235
