Token,Importance
TCTATT,0.007122571686842767
CAGGCG,0.006894776110060789
CTCCTC,-0.00535987779570575
CCTCTG,-0.0035604565275073946
CAGGCT,-0.00335492799869639
TGAACC,-0.002888344970319639
GCAGCT,-0.0027931085670221856
GAGCCT,-0.002700146451635306
CCCAGT,-0.0025757868563063627
CAGTGA,-0.002170078596524598
