Token,Importance
GGAGCG,0.015801185102530865
ACTCAG,0.01471463374028327
AATCCT,0.01146367078667521
TTATGC,0.010695211977172327
AACCAC,0.00981993704311219
GCTGCC,-0.01673751251606254
AGGAGG,-0.01607100464091933
CTGCTC,-0.013327130786397471
GGGGGA,-0.011140034962619855
GGAGGG,-0.010874915842149306
