Token,Importance
AATAAA,-0.00399886633323737
TTCCTC,-0.0029950430875678477
GAAACG,-0.002720027048626182
TTTGGA,-0.0026148202601909425
GGAAGG,-0.002099453379051748
TCCTGT,-0.0020591761593069394
GCCAAG,-0.001933788438104666
GAGTCT,-0.0018385217308944425
GGAAGT,-0.001770380877563911
GGAGAC,-0.0017119702034820439
