Token,Importance
GTGCGG,0.006009420780259841
ACTATT,0.005975335836822785
TACCGT,0.0052826072866157085
ATCCGA,0.003846196388410825
TCTCGT,0.002658408953083491
GCATAG,0.0023620956807623088
AGCATA,0.002317759659038398
AACGTT,0.002138917349336392
CACTAC,0.002103385095444854
ATCTTG,0.0016971071892998152
