Token,Importance
ATACGA,0.004156430163207754
TTTCGT,0.003843902701659587
TTGGCG,0.0031537117928438535
TTACAT,0.002499089535226691
AACGCC,0.0021749307242684597
ACGACA,0.0017730054057121757
ATCTTA,0.0017381750329028966
CCGGCG,0.0017142268877930193
GAACTG,0.0016802320596846147
AGCATG,0.0015358848824158153
