Token,Importance
CCTTCC,-0.0001494958329662962
CCCACC,-0.0001446943419298635
CCCCAC,-0.00014273033137531598
CCCACC,-0.00012412634271496333
AGCTCC,-0.0001240462746906784
CAGCTC,-0.00012343095851686048
CAAACT,-0.00011125704014155705
AACCCA,-0.00010839528026480513
TGGAGA,-9.537587328674194e-05
CCCCGG,-9.318227174659521e-05
