Token,Importance
CCCACC,-0.005392909346405334
GCCTCC,-0.005351008293100725
GGCGGC,-0.005047950142130848
GGCGCC,-0.004266778860555296
TGCCGC,-0.003869386563174235
GGAGTG,-0.0032865754599609846
GAGCCC,-0.0029563948788522074
GCTCTC,-0.0025276841106644066
GCACCG,-0.0020279094458513407
TGGTCC,-0.001812858848982704
