Token,Importance
AACTCT,0.026566443225591208
GTGTGA,0.01681334532971675
GCCACC,0.011190107971095035
GTCTAG,0.011011584442133782
GGAGGA,0.009539542224154093
ACTCTT,0.00793072009999734
TGTGCC,0.005625903827836873
CCTAGC,0.003350414585894873
AGTGGC,-0.02435339451454764
GTGGAC,-0.019345237171923685
