Token,Importance
GGTCAG,-0.00040630586845094265
GGGGGA,-0.0003283151028292067
GGAGTG,-0.00024944419544452496
GCCCGC,-0.00011904425041531593
GGCCAG,-0.00010363923725828306
GTCAGG,-9.366888595633069e-05
CCCAGG,-7.008280376505763e-05
AGCCGG,-6.629013591157826e-05
AGCGGG,-6.080260764893895e-05
GGGCTG,-4.053323254873259e-05
