Token,Importance
AAGTAG,0.0043952996612572105
TAAACT,0.0043277540954981064
GTTATA,0.004271822335224529
GAACGT,0.004201078792635254
ACTTTA,0.0040635694041726055
TGACGT,0.0022192999221225867
CACTAC,0.0019986308722757203
TCATTG,0.001880722070595724
TCGCTA,0.001806963701989084
TACGGC,0.0009499661999824438
