Token,Importance
TTCCAC,-0.002754298135723432
GGGCAG,-0.002398203527946463
CCTTAA,-0.001994242201586716
CCTCCC,-0.0019859081239149913
ATGAAA,-0.0018683915386579883
CAGCCT,-0.0018065191982909502
CCCGCT,-0.001760772778212131
AAATAT,-0.0017096686989087732
ATTTAT,-0.0013509116191658837
CGGGCA,-0.001239627146586677
