Token,Importance
ATACAT,0.03128413145228379
TCGCGG,0.011495082353797828
TCGGGC,0.01053870538237518
AGCGCG,0.00573912889808025
CGGAGG,0.0048545926571732624
GGTTAG,0.004270887404170305
CAGCCC,-0.007474079588838464
CTTCCC,-0.007103727314652858
AGAATA,-0.006068867370346613
TAAATT,-0.005460495300695696
