Token,Importance
TGACGA,0.016933641805299653
ATCGCG,0.013103225065241916
CTCATA,0.004793788641514957
ACATCG,0.004485961996616941
TTACAA,0.003919320484481152
CGATAT,0.0036077371920281895
ACCCGC,0.0027956646291036487
ACAATT,0.0023983158942299317
GTAAGC,0.0017157341213291924
ACTGTG,0.0013062708432959105
