Token,Importance
CGCCCC,-2.7159076473057594e-05
CCAGGG,-2.584624236675578e-05
CGCCGC,-2.5171682055430777e-05
TCTCCC,-2.4308982160107575e-05
AGTCCC,-2.4217351980942282e-05
GGAACT,-2.3241917151439067e-05
CGCTGC,-2.1163091905865717e-05
CGCCTC,-2.068741951676928e-05
CGAGGC,-1.974229694283538e-05
CTCCCT,-1.7630801143758842e-05
