Token,Importance
TTCCTT,-0.0003799347524505526
CTCTCT,-0.00034490828078160164
CCCCGC,-0.0002492398186702081
CCCCCT,-0.00019224451927887532
GATTTT,-0.00019046514624195676
TTTTTT,-0.00018751039473668076
TTTGCC,-0.00013249053083697106
CCCCGC,-0.00010781409578853443
TGGGTG,-9.529703759395324e-05
CCTCCC,-8.213686986128653e-05
