Token,Importance
ATGTAG,0.05481854400718072
TATACA,0.043248658488051345
TTCAAT,0.0360151523387936
ATCCCT,0.026266184291910796
AAGGAT,0.023173295151988734
ACATGA,0.02299054354554385
TTGGGG,0.022685646623545837
ACACGT,0.019448550211962477
ATCACG,0.016425109706848906
AATAAA,0.013540666958583055
