Token,Importance
GTTGTG,0.00759985495321232
TCGAAA,0.0073096739767875805
GCTGGT,-0.006909836361513132
AGGCGG,-0.004244205642539339
TGGGTG,-0.003620249957295446
TCTTTG,-0.0030625536688475867
CGAGGC,-0.0023387917354120106
TTGGAA,-0.0019364878983160229
GTAGCG,-0.0017578765982433574
TGTTTG,-0.0017023845155838746
