Token,Importance
ACAACG,0.07000527412274714
GCCTAT,0.042454580358198005
TATGCA,0.042353277849791066
ATCGGC,0.028922347948110678
GCCCGT,0.02050270605166876
TTAGGT,0.0191454071339691
CCCCAA,0.017645667376774702
TCACCG,0.017095409253477353
CTAGGA,0.013832283135851366
GCCCGG,0.012933768656761935
