Token,Importance
CGTATA,0.06094555311077951
AGTCGT,0.042004589173521116
CGTTTA,0.020520874878770246
TCTACT,0.013417819382557171
CGTCCT,0.01134169637473369
ATCAAT,0.007330177835636401
GACCGG,0.007147475082286191
GCTTCC,-0.030554938138628817
AGGAGG,-0.02448576580163196
CAATAA,-0.022679642493529592
