Token,Importance
GTAGAT,0.03584630808442231
ACTTCG,0.021335594289796592
GGCGAC,0.018084677236502773
AGTTTC,0.010916654398472782
CGAGAA,0.010126173907732397
CTCGTA,0.009181491892553122
GCGGCG,0.008046585169400171
GTGGGA,-0.030924434740890357
GGCGGC,-0.02954634948607437
GGAGCG,-0.02708004028911127
