Token,Importance
TTATCG,0.03132784375857639
AGCGAT,0.025137914680877022
TTCTCT,-0.013978355959711313
TCCTGC,-0.010062853086466615
CTCCCC,-0.009515153996931222
CCTTTC,-0.008451458295297733
GGAGGC,-0.008063478588810263
CGCAGG,-0.0077888173725236655
GCAGGC,-0.00505749331888981
CAGGCG,-0.003073068878568728
