Token,Importance
GGCGGG,0.005779763598839569
TACATA,0.005560419910731926
CGGTCG,0.00532143464623491
GCGAGG,0.002191579336365095
GATACA,0.002090334276103751
TTTTAA,-0.004048496797510968
TTTTTC,-0.0024613676797661313
TTCTTC,-0.0023296448758975993
TCAAGC,-0.0016725404822189624
AGGTGT,-0.0013340440743000621
