Token,Importance
AAAAGG,0.027741879810777942
TGTTTA,0.023472049935027973
AGTTTT,0.02259431338815712
AACCAA,0.015996880875855584
GAAGTC,-0.012824060302049375
ATAAGA,-0.010470268794330833
CTGGAG,-0.009589074707966952
TTTTTT,-0.008485170382633198
TTGTTG,-0.007622584875994531
GAGTAG,-0.006897602881487511
