Token,Importance
CCCCCG,0.005573074383572206
GTGATA,0.0030136465883496525
CGCGTT,0.002955262591109885
TCTAGT,0.0016893544159401121
CGGGGC,0.0015013323942900125
AATAAC,0.0012843291834372453
GCGCTT,0.0012673884228597385
TCCGAG,0.0011870389487131695
CGCCAA,0.0011080636562300328
GGGTGT,0.0008981670316367922
