Token,Importance
AGTGAA,0.023042931023914456
AATGTC,-0.010209744512137088
TCAGGG,-0.009457514437482615
GAAAAC,-0.0065515084924795625
TAGTGA,-0.006513589540799833
ACTTTT,-0.006363649650126982
TTATGT,-0.005969642322312803
AATGAA,-0.0056269436784998315
TCCCCA,-0.005150924412469701
AAGTGG,-0.003427495901515528
