Token,Importance
GGTACG,0.04965389821307598
ACCGCG,0.04745315970445055
GGGCCC,0.035284461549779295
CTCGAC,0.034329853757456924
TCGGCA,0.031724419365178835
CCCTGG,0.02332033155573105
CATATA,0.01689939271419634
GTTCAC,0.014378974525258782
GTTAAC,0.007794106296697195
TATTCA,-0.06594667226493833
