Token,Importance
CGTATA,0.14703184446140188
ATGTTG,0.07362842041005409
TGGTGC,-0.04778601671715565
GGGCGG,-0.0246947795422198
AACGGG,-0.023615263343099987
AGCCGG,-0.021431883409975924
AGGCCT,-0.020499503049334778
CTCCGC,-0.015918902936055652
GCAGTT,-0.014933652360517507
GGGGGA,-0.009146217542470358
