Token,Importance
CTTTCG,0.12103685749007079
TAGTCG,0.11086344135146152
CGTTAT,0.0888066476118052
TGTCGT,0.08560645075104002
AAACAA,0.06999704301724474
TACTTC,0.06339232192312745
TCATAC,0.06209130646734488
TAGACT,0.05597906137123511
TGGCAC,0.051545940811065345
CTAGGG,0.046692697007433774
