Token,Importance
CTCCAG,-0.03686616449315373
TCCTTA,-0.033431859767572535
CTGGAA,-0.02792210349864413
CCAGAG,-0.026495135450641614
GATCTT,-0.025486468239515014
TGGAGC,-0.024538538897932827
TTCCCA,-0.022887330095945492
GTCTCC,-0.0208240398640587
CAAGAC,-0.020149029233568688
AGCTGC,-0.01573613457790618
