Token,Importance
CTCACA,-0.05267531073567722
AAAGTC,-0.05101266993981081
TTCAGT,-0.049570117417358464
TTGGAT,-0.04940453031645251
TCAGCA,-0.04526465600495978
AGCACC,-0.044797666860745676
CAGGAA,-0.038805428661643875
CTGAGA,-0.037265687997184715
GCTGGG,-0.03521069311044212
TAGTGA,-0.027567843660235184
