Token,Importance
CGCGGT,0.0780005791237582
AGTATT,0.03408307843096972
TAAATC,0.02430343405853266
TTCCCC,-0.02080767829228729
GGGATC,-0.011938577702405802
CAGTGC,-0.011912206298994997
CAGGAT,-0.011688849765235477
TCAGCA,-0.009508895284941006
GGAGTC,-0.009056912574096423
ATTCCC,-0.008662464010189696
