Token,Importance
ATGGAG,-0.011138497117884871
TTCAGT,-0.007819905658117918
GACCCC,-0.006076906716192654
TTTGTT,-0.004279655539086997
CAGAGG,-0.003948684296239286
ACACAC,-0.0022912128537628668
GGAGAG,-0.002206855763007426
ATTAAA,-0.0012447535205216934
AAAAGG,-0.0011906887111508009
CATATG,-0.0011177832754698455
