Token,Importance
GTACGG,0.031474070677431576
GCGCGC,0.025388411618740836
GTGATA,0.020883288406811924
TCGTAG,0.019634461352573514
GTTTCA,0.009800404727828347
TGATAC,0.008317014948388246
ATTGAA,0.008257907316608764
CTCGTA,0.006326122956723676
TGTATT,0.0057526017824076955
TCGTCC,0.004148421943430375
