Token,Importance
CTGTCC,-0.036115172631281285
CGACCC,-0.025606989921112506
CCTCCC,-0.0242075190507076
TTCGGT,-0.013307308708232577
CTGTCC,-0.01250418400081805
TGCTTC,-0.011672130925156062
GCCCCT,-0.009284945653697228
TCCCCC,-0.009147304502570721
AAGGTC,-0.007820248385744091
GGATCT,-0.004998340471243923
