Token,Importance
CGCGCA,0.0066777542440318435
GTTATA,0.006544255483818934
GGCGCT,0.006443830763591762
ACGGGA,0.005619587174116285
CGCGGC,0.004927427127076931
GGTTAA,0.004342160589706816
TCCGAA,0.0035680075839746445
ATCTGG,0.0032196015273852976
CAGGAG,0.00271254120016709
CAGATT,0.0026539819978570914
