Token,Importance
GGGAGG,0.0007907222267590054
CGGTGA,0.0007872530052720998
GGGCGT,0.000762044681234043
TTTGAA,0.0007334899625292479
CAATCA,0.0007315037050786826
GGACGC,0.0006753561779982661
TCCCTA,0.0006734714619529383
CTGGAG,0.0006032054800157305
GCTGGT,0.0005769281026824385
TTCACT,0.0005464019210620421
