Token,Importance
GTATCG,0.11551359296115894
ATGACT,0.1113299158775837
CGGAGG,0.1081667003262798
TGAAGG,0.10652179979708601
TTCATC,0.0932175189656205
TTGTAA,0.08886798035218457
TAGAGA,0.0881933239382932
GGAGCG,0.08568276536225469
TCCCTG,0.085394092139387
GCTTTT,0.07286864304269093
