Token,Importance
AGGAAA,0.023492659925593216
CCCAGC,-0.010829752283351346
GGCTCC,-0.010519174227632083
CTCCCT,-0.006387975067940743
GCTCTG,-0.0044056728090950065
TGTCTC,-0.003880653283696373
GGTGGG,-0.0032980150996077743
CTGCAA,-0.003163498100774648
CTTAGG,-0.0028566785278864365
CCTCCC,-0.0028292445801942727
