Token,Importance
AAATGC,0.1026093857785415
AAACAC,0.10238850390325473
AACAAA,0.1002269207658275
AGCATT,0.09936906009852947
TAACGA,0.09069304746388954
ATGTGG,0.08864823060592432
AGTTCC,0.08810173441793503
TTCCCC,0.08019670341978825
ATCATG,0.07936655140982356
TCCTAT,0.07276126874078
