Token,Importance
ATAAAG,0.021436580814912697
CCGCGT,0.01941697733544437
GTGGAG,-0.01309062688429892
TGGGCA,-0.0105252935028929
AGTTCC,-0.010461252274163762
CTGGGG,-0.009281693423951689
AGGGCT,-0.008103094130013784
TCCACT,-0.0064161568491163615
AGCTGG,-0.006155169834374858
TGGGAC,-0.004957747190546678
