Token,Importance
TGGTAG,0.06176800081792721
ACCGCA,0.056749683393050254
GCAGAT,0.056685215957495504
GCGAGC,0.054648605990786386
AATCCT,0.05274995755903678
ATTTTC,0.04893412560479426
GTTTTC,0.04478318690930874
CCTGCT,0.04460200975828743
GTTTCA,0.04341738583571265
CAGTCG,0.04171507714343894
