Token,Importance
TGACGC,0.10117799910198275
AATCAT,0.09938501416719382
ACTTTA,0.08623399602082751
GTAATA,0.07313898137631394
CAGGCG,0.07255685031721702
CCGGCC,0.07085705778019061
CGGGCG,0.06084103178686595
CCGCAG,0.051183876384549985
CGAGGG,0.05098591104070106
CCCGGA,0.048896528351976665
