Token,Importance
AACCCT,0.1057863720335227
TGATTT,0.10285935014824471
TATTTT,0.09553208043804953
TTAAGT,0.09483812682427971
AAAATG,0.09470957093449726
TGGTTT,0.09312814025542417
AACAAC,0.08887530482038403
AGATTT,0.08281533496997164
GAGCTG,0.07942204130819286
ATTGTA,0.0793637398221093
