Token,Importance
CCGAAT,0.05919840546681853
AGCGCC,0.05732921371386782
TGCGAA,0.05478498158822477
TTCGGA,0.0512096669367038
CACCTA,0.05023418021898982
CGTTGC,0.04566667047895094
TCTTCG,0.04503623467501244
AAAGCA,0.0436899992728181
GCTCGT,0.036379584309987834
GAGCAT,0.03274973838816928
