Token,Importance
ACGTCT,0.043287433096907184
ATCAAT,0.03862550276125113
GCGGCT,0.03421167343708074
AAACGG,0.0317225594145863
AGTATC,0.021834951467980812
CAGACG,0.01952703716612541
TAAAAA,-0.06847506575523546
AAATTA,-0.045241594549246436
CTTCAG,-0.03929245417288434
AGGCAA,-0.036730890540801114
