Token,Importance
TCTATA,0.08076135765670972
TCCCCC,-0.040201670071184026
AGGCTG,-0.03030991322670944
TGTGGG,-0.023545740525844582
CCCAGG,-0.020357223344591096
TCATCT,-0.01709132318611812
GACAAG,-0.017035586288948936
CCTCAC,-0.01419712356657822
GAGTCC,-0.013792267719691564
AGGGGA,-0.01315085314052714
