Token,Importance
TATCTG,0.09746112890290215
GCACAC,0.09424392918243457
GAAGGG,0.09171281815162101
GGCCCG,0.0897993680775606
AGAAGG,0.08537956777963134
GGAGGA,0.08307424780554556
TGTGTG,0.07253383567266852
GGCCCG,0.06929580846259954
CCATGG,0.06851343891698339
TGGGCG,0.06742671849134385
