Token,Importance
GCGTGG,0.024623402829132588
TCGGAC,0.023656575636327767
TATGGA,0.020138438900882898
TCATTG,0.01536262022540935
TGAGAT,0.014569459807105452
GCGTAG,0.013839418505433371
CCGCTA,0.01237146129512286
GCCTCC,-0.035137442428739445
AGCTGG,-0.035018081659621475
AGGGCC,-0.018809575665032975
