Token,Importance
GTTTTT,0.011757897724303296
GCGTGA,0.008718907486115028
GCACTC,0.007790399528411642
GATAGA,0.0076429453509921615
TCTCCA,0.005797811544429
AATTAA,0.005770377387230866
GAGTCT,0.00427023419474852
GTGGGT,-0.022989360375163186
GGGCTA,-0.01956371793912509
GGATGG,-0.011079784851608944
