,Label 0 (%),Label 1 (%)
A,23.55695199275362,19.701284198771635
C,25.69236865942029,31.270240089335566
G,26.6304347826087,29.696259073143494
T,24.12024456521739,19.3322166387493
