,mean,mean,count,count,std,std
contains_tata,False,True,False,True,False,True
true_label,,,,,,
0,0.1749549113125739,0.19439783783783782,2537,407,0.2894209844539147,0.3220457407744721
1,0.11560078928823114,0.14154224489795916,2838,147,0.24553387952138228,0.24596625805957614
