Token,Importance
AGACGC,0.005665908162490164
TCCTGC,0.004470367596975569
TTCTCA,0.004111182154230202
CGCTGA,0.003977750717168932
AATCGT,0.0035821479678694547
AAAAGC,0.0029653778147456728
GGGCCT,0.0027581965319577223
CAGAAC,0.002372851261869442
GGCTGT,0.0011071299744762244
CTCCTC,-0.017224404175623233
