Token,Importance
GAAAGT,-0.04792486250549146
ATGGAG,-0.04702268028193456
CTTTGT,-0.045395126319972307
TCTTTC,-0.04354564437686843
TTCAGG,-0.037921571901791684
TTGCTG,-0.03256940752202743
AGACGT,-0.02625230495175436
CACTTT,-0.02512424384793814
CAACTT,-0.0230709455874036
GTTTTT,-0.01783950646371696
