Token,Importance
CCCTGT,0.0788071281585343
TGACCA,0.0769516056860946
CAGGAG,0.07649440155503853
GCAGCT,0.07225773824029955
CTCACC,0.07013265554388282
CCCAAC,0.06775646104366549
TAAGAA,0.06600243638542222
GCTCCC,0.06389508555376498
CCTCCC,0.06198766824032103
ATCTGA,0.05456357286064279
