Token,Importance
GGCGTG,0.11410367608098923
GGCAAA,0.10378792550732538
AGAGGG,0.10151405675244397
GAAGAG,0.10140928839821649
CGCTGT,0.10007036294491445
GAAGGC,0.09886466909406086
GGCGGG,0.0984489423084708
ACCCGG,0.09157865999080275
GCGGGG,0.08392547764112475
AGCGAG,0.08029694107932135
