Token,Importance
GAGGGG,0.09004692817998065
ACTCGG,0.08285422946656577
CTCCCG,0.08208009801276422
TGCCTA,0.08090772409514732
GCACCG,0.07984891191633722
CGCATG,0.07127906519284019
CTGAGC,0.07069362523989745
AAGGGG,0.07040939614618758
CCGCCG,0.060442163417809155
GGCCGT,0.05592551619029637
