Token,Importance
CCTATT,0.10225374885021059
CGTTGA,0.07355431031668218
CATCGA,0.07326492860839053
TAGATG,0.04250891747113211
CTCTCG,0.02972024065435099
GCATGC,0.02149516012706514
ACGTCA,0.019449533268990613
CTCGAA,0.01760142685106586
GGGGTT,0.016071276640470877
CGTAGG,0.01319558516767005
