Token,Importance
TTGCGC,0.021261946893559786
CTTATA,0.020457275812845187
GGGAGG,-0.022863365566172304
CTCCGC,-0.016278205008794382
CCAAGC,-0.011933637803868953
TTCCCT,-0.011584172914574784
CGCCCC,-0.008309374884572245
AGGCAG,-0.006729407201634872
GTGGCT,-0.00543720586753249
GAGGGT,-0.0024638662105789986
