Token,Importance
GCTTCC,-0.006932166558903192
TTCCAA,-0.0054577497012953885
AGCAGC,-0.004806816751285778
TTTTGG,-0.004208245160683192
GAAAAA,-0.0036506199947455697
TGGAGC,-0.0028269685039778963
AAAGCA,-0.0023573073957753325
CTTAAG,-0.001854591946036594
AGAACA,-0.001568693056742184
ACCTGG,-0.0011882618853560067
