Token,Importance
AGCGTG,0.03613182545387152
GGGAGG,0.029629276800134316
AGCCGC,0.027135832141772134
TCCCGA,0.02528390613855388
GTATAA,0.022001103796897056
GAGGAG,-0.046480302701956834
GGGAGG,-0.03952795027127448
GCCTTG,-0.03568531815840255
TTGCCC,-0.029843392298839408
ATGGGC,-0.0287644660736644
