Token,Importance
ACGTCA,0.03362812964075369
TTGAAA,0.03111923055392242
AGGAGT,0.02940833861379917
CGATGT,0.028019035008885935
CGATCT,0.027801036351382723
CGCGCA,0.024674227543676763
CGCCGC,0.023963744625091696
TGCTTT,0.023821941806310965
TACCTG,0.020740879683469687
CCGGGG,0.02050133611613874
