Token,Importance
AAGAAT,0.01794597499309014
GAGAAA,-0.005608802778383156
GTTGGT,-0.005205628336555347
CTTTCT,-0.00466327347462357
GTTAAT,-0.004223184564395632
AACATG,-0.0036109796561088476
TAGACA,-0.003140549253516587
CTTTTA,-0.003059052931642209
TGTATT,-0.0023189910205599416
TTGAGG,-0.0021697259987210706
