Token,Importance
GTAGAT,0.08869215909538644
GAACCT,0.08739468324827115
TGTGCC,0.0806600973877058
AATCAC,0.0790784991132882
CAATAC,0.07592770668053866
GTTATT,0.07488222617073698
TGTCCT,0.07211953682697574
GGATAT,0.06389238241181792
TGTTGC,0.06251712222682151
GAGTCT,0.06181699500841631
