Token,Importance
GACTTA,0.04560621761233993
TTGTTG,0.04141375687308689
CGTACA,0.04085856210876265
TAGGTG,0.03952874991573406
CGGACT,0.03932385288523887
CCCTCC,0.038710527033388405
AATTTA,0.03726608183993426
GGAAGA,0.03345058308666121
ATGGGA,0.02958301912123516
CCAGAG,0.027465882336038083
