Token,Importance
GACAGG,0.10533531015258396
TGCTAG,0.1046225838129672
CGCTGC,0.10365008422037443
CAGGCT,0.1001481433057496
GTACTG,0.09798367796978714
GGGAAA,0.08771509834934337
CCGCCC,0.08716233699891972
TTTTTT,0.08620841119967408
GGACTA,0.08015390768072603
ATCTTC,0.06995317911944232
