Token,Importance
TGATCG,0.12314707746184833
GGCCTG,0.07213419062484368
CTGTAC,0.06837016684535327
CTAATA,0.06829073855297968
ACTCCG,0.0630727385653066
GAGATC,0.06273442514040538
TTTAAA,0.057286697905788324
AGTGTG,0.05299596220213421
GTAGCA,0.052059234873125915
TGCTAC,0.04804996814249056
