Token,Importance
TAAACA,0.11558212617791876
CATTTA,0.11045548819739244
TTGAGG,0.10796511170659417
TGAACT,0.10590320999298003
CTTAGT,0.10082189347420255
AGATTA,0.10029900435799731
TCAAAC,0.08639780071053084
CAGAGT,0.08166954640492186
TGAAAA,0.07992668132590112
AGTAGA,0.07929871199576582
