Token,Importance
TCTATA,0.07478967793965612
TCTACA,0.02927964520063773
TGTACA,0.028961492979793422
TCAACG,0.024255218278624407
TCAATG,0.013756047902794203
TAAACC,0.008071188808905077
TGTACT,0.007968869658103199
ACTCGG,0.007844308314541118
TTAAGA,0.007672910794219281
GCGTCT,0.005547894317789653
