Token,Importance
AGTATA,0.05202848355596802
GAATCA,0.03572798092392991
GTGGTA,0.02078108034969465
AAACTA,0.019760083747043432
TCGCTG,0.01825828951380119
ACCACA,0.015723313771187807
CGGCGG,0.008100305004396718
TGACCA,0.004472423663870392
GCGCTT,0.0033632382962421373
GGGGCG,-0.07074974382724254
