Token,Importance
CCCGTA,0.12384211606012416
GCAATT,0.11764791289972004
GAGGGT,0.1060899012915739
GAAAGG,0.0989972755844258
GATTTA,0.09756938138805922
CGGGAT,0.09707815224434091
CTGGAA,0.08544923582154006
CTAAGC,0.08316610907186828
CACAGG,0.07933493933520719
AGGTTT,0.07449173524090152
