Token,Importance
ATGTAA,0.10096727310461132
GAGTAT,0.09830328886529215
GATATA,0.09653926863202134
GGCTGT,0.09550234442172392
TACCTA,0.0890693805159545
ATATCA,0.0844199557127565
CTGACC,0.08287133616722624
TGTGTT,0.0794893889502301
TTGGTG,0.07162126776011392
TTAATG,0.06908544314738137
