Token,Importance
GGGACA,0.00607489166590878
ACAAGA,0.004571646091322401
GTCGCT,0.003652039552025766
TGCGGG,0.0036319489633031016
CCAGTC,0.00312724876762558
CGCTGG,-0.007211786618770569
CGCGGC,-0.00419880982712319
GGCGGC,-0.0033348210644455435
CCCCTC,-0.0032073746163820346
GCTGGG,-0.002964132560991666
