Token,Importance
GGTTTT,-0.03823367746471541
AAAATG,-0.029431368373179088
TTTTGA,-0.022507939838350977
GAAAAG,-0.021864757008544344
AATGAG,-0.020940652641176487
TTTTCA,-0.018939631717332938
CCTTTT,-0.017450554310111787
TGGGGA,-0.016496070447433665
AAAAAA,-0.013942627117019046
TTTTCA,-0.012467572084866645
