Token,Importance
CTTCTA,-0.0005984992398497567
TATCAA,-0.0005047799942213283
CTATTG,-0.00045220902210365785
GCTGGG,-0.000408866093544869
ACTCAC,-0.00033706959520955824
ACTCAA,-0.00027843667097892565
CCTGGC,-0.00026516723768149776
TCTAAG,-0.0002528658270139364
AAGTTT,-0.0002343000271787972
AGCCCA,-0.00023233900920905057
