Token,Importance
CTAACC,-0.03889984100060644
AGGGGC,-0.038516594561649596
GAGCTG,-0.036547694027138186
TCCTGG,-0.03592498692626306
CAAATC,-0.033608516019350276
CGGAAG,-0.027852961870249306
TTGGCT,-0.025200989219676232
CTTCCT,-0.019729840377391256
CAGCTC,-0.01691840025347524
GAGGCC,-0.014857666240631012
