Token,Importance
TCAATA,0.11548446028714464
AGAAAA,0.10904572500835437
TTATTA,0.10623752367662548
ATTGGG,0.08934785080419931
TTCCTG,0.08528575705327299
TTTATA,0.08281787979751075
TCTGGG,0.08012628962846025
AATAGG,0.07623324255014816
AGATGT,0.07592695008706833
TTTTGA,0.07552785206195298
