Token,Importance
GGTAAG,0.01475320018898559
GCGAGC,0.011440875656950891
CTTTCC,0.006492776333307508
ACTTGC,0.005602956725640117
AGTGGT,-0.008678358590515037
GCCCAG,-0.004814207605585462
TTTATT,-0.004795483053526327
CTTCCC,-0.004681738783666948
CCGGTT,-0.00412905796912578
CCAGGC,-0.0038932412052141716
