Token,Importance
AAGGAG,0.016741051452195295
TTGCGA,0.015747126902717703
GCGGCC,0.015578093601976059
AAGAGG,0.014274618005702674
GCGCCA,0.014224924812915653
CACTGC,0.012929314881282185
ACGCAT,0.012263474674481956
CCGGAG,0.011904650799375553
CTTCCC,0.011127994137368563
AAGTGG,0.010652777297512834
