Token,Importance
CTCACC,-0.020844055754275847
ATCCTC,-0.012122485366741539
ACAGAC,-0.010803310646142487
TTTCTC,-0.010288578561048152
CTGGAC,-0.010008162044951897
TCTGGG,-0.009663015408152884
CCCGGC,-0.009239272681867028
CCACTG,-0.00875578045666203
GAAAGT,-0.00871232115899622
CAGCTC,-0.0083881292847107
