Token,Importance
CTCCTC,-0.010047012346780692
TCTTCT,-0.008110106449317674
TGTGGA,-0.0060068232899718925
TCCTTG,-0.005529968453571746
AGGGTG,-0.003949233708685646
GCCTCT,-0.0032743996050883352
GGGCCC,-0.0032606643700879884
ATTGGC,-0.00323349296058636
CCCCCT,-0.0031049405548456625
GGAGGT,-0.003103106406405848
