Token,Importance
ACGGTC,0.0753205583654638
GGGGGC,0.07497038941450969
GCGCCG,0.07480045308611225
GGCGAG,0.06917751258548843
GGCGGC,0.0667052610658017
CTGCGG,0.06475953346870236
GCGGGC,0.06362353654480045
CCTTTG,0.06241439777276404
GTGGAG,0.06005061277567878
GTGCCC,0.0530500265331577
