Token,Importance
CCGTGG,0.05292485349864491
ATTATC,0.05059564399379571
GCGCTC,0.04873286579768093
TATCGA,0.046356364770142384
CACAGG,0.03988019794695923
TCGTCC,0.03961006849324241
TGGGCG,0.035280958456293886
CAATTA,0.03406566695549349
GGACGG,0.0247542461557293
GTGCCA,0.02334665535370334
