Token,Importance
TATAAA,-0.0007455879204434613
GCAGGC,-0.0006224690488143541
ACTATA,-0.0005912176417003457
GAGCTT,-0.0004703441647720936
AACTTA,-0.0004533276417106214
TGATTG,-0.00044422747064303816
GTAGAG,-0.00041441248149408073
CCCTTA,-0.0003765834425147208
ATCCCA,-0.0003392040677226053
CTCAGT,-0.00025955672844978105
