Token,Importance
CATACC,0.08296375354933523
CTCCGA,0.07131174762683423
CGATTG,0.06384039842869783
GTTCGA,0.05950063844129075
CTATAG,0.05684912457442674
ATTGCA,0.05586800470498029
ATGCTT,0.051807245413591836
TCCACG,0.046627797906356024
ATTGCC,0.04088818338321614
ATCCAG,0.03314363321887115
