Token,Importance
CCTGCT,0.10799115414712467
CGAGCA,0.10787379214843189
TAAAGG,0.10457647491295655
TATTAT,0.09970372793141404
TACTCA,0.08992736290725833
GTGATA,0.08813500359255998
GAGTTT,0.07913138196366352
CCGATT,0.07812420240753751
GACCAG,0.07187272644033772
GGAGAT,0.06644458969882756
