Token,Importance
GAGCAT,0.11492659524163283
GATGGA,0.11470470464874458
ACTTAG,0.11107670983691115
ACTGGG,0.09984689980165343
AAGCTG,0.09978741813213873
GAGTCT,0.09877006805433806
TTGAAG,0.09559082902584859
TGAGAG,0.0837309818856428
GAGATT,0.07538610210172203
AACTAC,0.07314695750826539
