Token,Importance
CTAAAA,-0.0006572167552048019
AGCAGA,-0.0006234119820588335
TGGGGC,-0.0005371471813937926
CCCACC,-0.00047635724073203035
AGCTGC,-0.00045482297677545746
TTCCCC,-0.00040806419061282937
CCCAGA,-0.00039000504984128796
TGGAGC,-0.00033487968687497053
CCAATC,-0.0003325348880265939
AAAGGC,-0.0002769319747488946
