Token,Importance
GGGGTA,0.1084362699811949
CAGGCT,0.10420260215859146
GCCTGG,0.10127016548801682
TGAGTC,0.1008421742657167
GAGAGT,0.09637215155716335
CTCCCT,0.08857155518562153
GGCAGG,0.08748998264143211
GGCCTG,0.08354029321983202
CTCTCT,0.0771489104045048
GGTGGG,0.07207920722758156
