Token,Importance
AGCTAC,9.624932056789912e-05
TTTATT,7.35091723327786e-05
TGTATC,6.749317946436748e-05
GCTGGT,6.295005924238559e-05
TGTGAC,5.6522950122328136e-05
CATCAG,4.46717721410653e-05
TTCTGA,4.0767733193787284e-05
TGCAAG,2.8707808475173542e-05
TAAATG,-0.0002254460478548382
CACAGC,-0.00019080654343046487
