Token,Importance
ATACGG,0.0938135579648789
GCTTTA,0.08923394526123081
CGCTCC,0.08287092219276623
TATGGC,0.07345376248425803
CGTTGC,0.0677600166747264
GGCGGG,0.0529832121999575
TGGGGG,0.05267158592933872
CTTGCG,0.05012003091669426
CACCCT,0.04798443301866596
GGAGCA,0.03956496997385173
