Token,Importance
ATTCCG,0.10700767431267913
ACCCAT,0.06251995174728983
CCGGTG,0.05828401860362028
TAGGAG,-0.041187267039106794
CTGCTC,-0.03466112422044424
GTGTCT,-0.02919067306460091
AGAAGA,-0.023742866612945415
CAAGGG,-0.020668405546243898
GGTAGA,-0.018576340351486514
TCTTCC,-0.01824492787871089
