Token,Importance
CAATAT,-0.008905321717444965
TCCTCT,-0.0074116768834146364
CTCTCT,-0.00588821571951931
CTAAAG,-0.005818280977356513
TGTGGA,-0.0055311546158906336
CTCCAC,-0.004141878324400755
TTTAAA,-0.003922141622691242
GCCCAC,-0.003091910689011359
AGCTGA,-0.0028820816830503766
ATTTAT,-0.002221392974172842
