Token,Importance
CGGATG,0.11225600218397383
TAACCT,0.09765126333567217
AGATGT,0.08815738928375762
ATGCTA,0.08667818400438759
ATGGTC,0.08112255644841612
GAGCAA,0.07871289432269266
TTCCTA,0.07186294078064898
TAGGGA,0.07131777719416695
GGTTTG,0.0709991753015472
TACCTG,0.05091767227376284
