Token,Importance
CTCAGC,-0.0004173161762886568
TGAGGG,-0.0002149715747328028
TGGGTG,-0.00020174770444868832
CCAGCA,-0.00017704468029169942
TCTGAC,-0.00017384338932295416
CACTGG,-0.00016696628727797346
AAGGAA,-0.00016511354309737945
GCAGCC,-0.00016486575829054766
TCTGCT,-0.0001575284366576584
CTGGAC,-0.00013925354733448025
