Token,Importance
TAATAC,0.09560158903109513
TGAATA,0.07943346136485964
TCACCG,0.0717127594390433
TGTCTA,0.07141467333049989
TTGCGT,0.05786992448336816
ACCGTG,0.04677944147359966
ACGAAG,0.04329025110224481
GAGGAC,0.04287896988786343
AATGCA,0.037404266263886876
AAGGTG,0.03084521806080387
