Token,Importance
GCACAT,0.003517456448434353
TGCGAA,0.0031002689125935582
CCGGGG,0.002805843009412877
AGCCCG,0.002774524092315538
CAGTTG,0.0026505552980017433
GGCTTC,0.0026085470604035213
CCCACC,0.0025487339022626687
AGCGCG,0.002542537880874937
GAGGGG,0.002461032839607788
GGAAGA,0.0022347633110683697
