Token,Importance
TTGGAG,0.10942953901154406
GGCCCA,0.1012598680182467
ACTCAC,0.09881453236108352
GACGTA,0.09367684761038096
CAGTCT,0.09112536126365987
TATTGC,0.09098826593038531
TCAGGT,0.09076577529649256
TTCAGT,0.0894116799580843
TCTAGG,0.08378487937285979
AGTATG,0.07951736877184767
