Token,Importance
CAGAAG,-0.043230142741261884
AGTTTC,-0.03471766904852543
CTAACC,-0.03178728330800016
GAGCGG,-0.02431306984710782
CCGAGA,-0.021408454867968923
CACGGC,-0.019293718955096097
TCTCCC,-0.017027858343108992
CCGCGG,-0.01412986441070542
TTCCTT,-0.013881012848808123
CATGGA,-0.013320825590108299
