Token,Importance
CTCCAG,0.10794897166239377
TTTCCT,0.10784330307706268
GCGCCG,0.1064441554361377
AACCCC,0.09875261999714069
AAAAAA,0.09790676546470757
ATGAAG,0.09214360146280683
CCGCCG,0.09097709307340986
TTTCTC,0.08894288445966018
GGCTCG,0.08528615362488419
GGCTGC,0.07521894179643748
