Token,Importance
AGAAGT,0.10912071670132921
AGACCA,0.10741241094546765
GGCTCA,0.10705326218440352
GAGCAG,0.09933591352968309
AAGGAA,0.09895913034637821
AGAGGA,0.09264362749383742
GGCTCA,0.0917073825016962
GCACAC,0.08971573542076199
CGCAGG,0.08550723470413346
ATCCTA,0.07526726925871852
