Token,Importance
TAGCTG,0.027566848933329793
ATTTTA,0.027223635426479504
ATTTAC,0.025495227930887928
CTATTT,0.024550181057559944
GCTTTT,0.024147011027943404
AACCAG,0.02377303596883716
CTTACT,0.023550652526014904
AGTAAG,0.023466692344088387
TTAGTG,0.021290926991728683
GATGGC,0.018276075088766087
