Token,Importance
GTAATA,0.08779654945385866
TGGACG,0.035340394043469066
AGACCT,0.03136413629981818
CCAGTC,0.03115260103809122
GTGAGC,0.028325665064730204
CTTGGG,0.0197314498031286
TCCGCT,0.01934369594739682
TGTAGA,0.017821139039460546
GCGTAA,0.016319896332596562
GCTCCG,0.014434747239729526
