Token,Importance
TCTGTG,-0.0008520783124141176
CAGTGA,-0.0006905787261270614
GTGATT,-0.0006360585393900657
TCCAAT,-0.000621056723516804
TTACAT,-0.0006184420504084137
TTGGCT,-0.0005001249489380444
CTCCTC,-0.0004901357024390213
AGTGGA,-0.00023029498783938286
GATTAA,-0.00014984855176797002
TCACTA,-0.00014781637477671018
