Token,Importance
CCAGAA,0.024661751977797616
AGGGAC,0.023147926965284542
GCACTG,0.020560382690916628
CATAGA,0.02042075060755859
ATTTCT,0.020144092340587325
TCATCA,0.020113669724470987
AAAAAA,0.019639042407678237
TCTCCT,0.019439311447778246
AAAGAA,0.018761369817071657
AGATTG,0.017107427029282373
