Token,Importance
ATGAAG,0.030540336207575295
CACACG,0.027305342196187975
GGATAA,0.01938892654667519
GCGGGA,-0.02802653642981638
AGGAGG,-0.01673267217172188
CACAGC,-0.01670941948368057
GACAGG,-0.01319668448416864
TCAGCT,-0.0121487427773475
TGGAGG,-0.011185350588122743
CTGGGA,-0.006116186087944259
