Token,Importance
GGTAGA,0.0301989192938348
AGACTA,0.029319987272505028
TCACAG,0.016011400661659254
TGTGAA,0.015533912098228943
AAAACG,0.015231286580510687
TAACTG,0.01522376506830236
ACAACA,0.014388692582865108
GGGCCT,0.011495465591138338
GCAGCT,0.009426382312229337
TAAATG,0.008063835540316727
