Token,Importance
TTTGGT,-0.002096658901953808
CTCTGG,-0.0019117804154152808
CTGTGG,-0.001392847843607147
TGTTCT,-0.0011777105248365284
TTCCCT,-0.001173044457012385
CAATCA,-0.0011599339981403388
CAGGCT,-0.0010355061094175502
CAATCA,-0.0009263858124180951
CAATCA,-0.0007656532668030586
AGCAGC,-0.0005764699973528167
