Token,Importance
ATTTAG,0.09037135409933116
CGATAC,0.06086906178592971
CAGTCC,0.05947968699214796
CAATGT,0.05918494441578563
ACAACG,0.05110942563175475
GATGTG,0.047593307796122156
GCGATA,0.047510437329482624
CCCGCG,0.04626327331099357
GGCTAT,0.026236441746317007
CCGCGG,0.022432028367791092
