Token,Importance
AATAAA,0.052282211518497136
CGCCTC,0.048631063030101264
CCGATG,0.04464724176832236
CGGCGC,0.04379359264292206
CTGCGA,0.034987663827686276
CGGTGT,0.026772278596312947
GGACAT,0.024950773190951132
GGGTCT,0.013989176837266465
GATATT,0.013266453072118963
TCGCAT,0.01151758406837361
