Token,Importance
AAAGGG,-0.06444826238276682
AGGAGT,-0.059010398835459235
AGGAAG,-0.05211862501972211
GGGAGG,-0.04044665501994883
TGGGGG,-0.0388612911958078
CCTGGG,-0.027942930752370136
CTGAGA,-0.027283290005629523
ACACTG,-0.02585296493201062
GTGGTG,-0.02101678281359065
GAGTGG,-0.020074744145751024
