Token,Importance
GTTAAC,0.0007351789880767858
CTATAA,0.0005803427973421766
TAGACC,0.000547645025400149
CCAGAG,0.0004774407800339119
AAGACA,0.00047331206528777306
GGTGGA,0.0004569853017376514
CTAGGA,0.0004509839485894681
CTGCGT,0.00037982494204913956
CTAAAG,0.0003616878257844664
GGTTGT,0.0003447648056231697
