Token,Importance
AGGGGT,0.00016625106251791466
CTGTTC,0.00016522336348201018
CGCCCT,0.00012595115607602777
TGCAAG,0.00012557270843732157
TGCAAT,0.00010786928447040844
TCCTAT,8.995030334084e-05
TGCAAT,5.9292929838025405e-05
ATCATC,5.278868951335896e-05
GATTTA,5.10001089509837e-05
AACTTA,4.650771416030868e-05
