Token,Importance
CCTGAA,0.012358319232399896
TGGACC,0.010173776306947272
TTGCTA,0.010106827808048688
AGCTAA,0.009990720060566102
GGGACT,0.0073241850402456675
TGGACC,0.006953410687861214
CTGTTC,-0.020237322960941214
AGATAA,-0.014364809739342468
ACTCTG,-0.01258887234569817
TAGACT,-0.009875890288316628
