Token,Importance
TCTTAC,0.0471336244058769
TTATGT,0.04695700451206212
CAACAT,0.04622204769629428
ATAAAA,0.04474382716430793
AAATGT,0.04263743176739593
TCTAAA,0.04110446556940906
ATCTGT,0.040819131642729434
AACAAT,0.040702141910392675
CTCTTT,0.04039589999538123
TTTCTG,0.03673763047459539
