Token,Importance
CCCACC,0.0968074213609498
CCATCA,0.09625004626560756
GGTTTG,0.09531954450666129
TAGCGC,0.09398894933959785
GTTTGC,0.09358269365528682
GCTTTA,0.09080164704093667
GCGTTA,0.09070787541959306
CTCGTC,0.0783070736265608
AACCTG,0.07315487756683381
ATGGGG,0.06623349855888712
