Token,Importance
CCGTGG,0.10436139983333134
ATAAGA,0.0943593341675668
ACCCTT,0.09387553485623236
AGATGC,0.09339932554225286
GGTGCG,0.09230850404903118
TCAAGC,0.08713035646015993
AAGGCT,0.07598790099076286
GTTAGT,0.07283140280175923
ACGTGG,0.0726859042152328
CTAGAG,0.071406258033612
