Token,Importance
TTAAAA,-0.00038818006894511564
TAAAAA,-0.0003778394667174827
CACAGA,-0.0003648064965441366
CCAATT,-0.00035865585227556863
TACACA,-0.00032864299768825615
ATTTAT,-0.0003038411187347745
CATTGC,-0.00028850502309858776
CAAGGG,-0.0002819980319715318
AATGCA,-0.0002810083471348908
GTGTGT,-0.00023713324294566618
