Token,Importance
GCCTGG,0.1237418922652369
GAAGGC,0.10888912511532933
GATCTG,0.10846697580676685
TGAGAG,0.10031306569247152
GGGCGT,0.09917089640411741
GGTGGA,0.09726763325536217
GGTTGG,0.08162222403635744
GTTGTT,0.08150106534250956
ACTTCC,0.07853895442313144
TCGGCC,0.077363095026034
