Token,Importance
GGGTCT,0.11900730115301557
TCAGGT,0.10705837256502046
TTTTGT,0.10356476798737663
AACGGT,0.09915103099431904
AAAGTA,0.09578840650245975
AATTGG,0.09558778946697588
TGATTG,0.09246192477663027
CTCGGC,0.08683601581410172
TTTTCT,0.08090335840445126
TGGTGA,0.07451137211203872
