Token,Importance
GCCCCA,0.09211536128137518
TCGTTC,0.09017863014657392
TTTGTG,0.08645643539657341
AACATC,0.08185003210706078
TCGACC,0.07938207813748357
ACCGAG,0.07819497462388046
CCGGCA,0.07788965937483844
CTCAAC,0.07149237106288009
CTACGT,0.06679234995703578
ATTTTA,0.05611774022867899
