Token,Importance
GGAGGA,0.11383998419570582
AATGGG,0.11377088085409681
GGGCCT,0.10748933105972819
GTGGGG,0.10261804541590601
GGCCGG,0.09704528078401953
GATGGC,0.09280793828530406
AGGGAG,0.09230486723473981
GACCTG,0.07826994948329782
GGGGAG,0.0762952329105777
GACTGG,0.07360810068046014
