Token,Importance
GGAGTA,0.09378556739250263
GACAAT,0.09145299317244926
GTGACA,0.09136629936836665
TGGGTT,0.0839060882910743
ATAATA,0.08336364677667296
AAAGAA,0.08112806784204671
CTTTAA,0.08062715426358663
GATTAG,0.07656154185650439
TGATAA,0.06986570149858999
AAAGGA,0.06447955844940197
