Token,Importance
AGCTGG,-0.02037031336550729
AAGTCA,-0.011741504036273578
GTGAAG,-0.00920141621322427
CTGGAC,-0.008620025686972479
AAAATA,-0.008479300899024203
TCAGAG,-0.00844940529444826
GTAGGA,-0.007720900800437841
AAATGT,-0.0075183508292392546
GGAGTG,-0.007146883779154963
GAGTGG,-0.006228239875286895
