Token,Importance
CCGGCG,0.0787888824305463
GCCGAG,0.07720478186319413
TTAGTT,0.07523298713384985
GACCCG,0.07450695995021783
CCTGTA,0.0705122110155037
CAACGG,0.06991156059874208
GGTCAC,0.06914874159652071
TGTCCA,0.060581497815191954
GCTTCC,0.05981708599242843
GAGGGC,0.05744213489003619
