Token,Importance
GAATCA,0.11338495538408297
ACACCG,0.10674140235021438
AACATT,0.10277010873988007
CTGCGA,0.10166220217298104
CACACA,0.09696953323834076
AGGGCA,0.09436350286648754
ATTCAG,0.08893188486602696
GACATT,0.0884084292586592
TTTCAG,0.0814631601824901
TTCCAG,0.0814152725790699
