Token,Importance
TGAAAA,-0.013608484157835136
TCCCAG,-0.009005826918205654
CCGTGC,-0.008071594810042335
TGCTGC,-0.004094540277658735
AGGGCA,-0.004006240913847242
GCAGCG,-0.003637091628150478
GCTGCG,-0.0034793576186566747
GCCACG,-0.0030376104302174273
CGGGAC,-0.0030319825791956024
GGCGAC,-0.002282122328744536
