Token,Importance
CCCGTC,0.08097830753618035
GTATCC,0.07848891463159359
GATTAC,0.07530229740339948
TATCCG,0.07319695688839341
GGGATT,0.07024233059276944
CAAGGT,0.05610635482292366
TGTATC,0.053771220079369075
CTACAC,0.05309448426353823
GTATCG,0.05294688247737028
AAAATA,0.0524425655583757
