Token,Importance
AAAAGC,-0.014978754139300846
TGGAGG,-0.007586838577901828
CCAGCC,-0.004677823818961918
TCTAGA,-0.003907965784507627
AGGAGG,-0.0031680818733836433
TCAGTT,-0.0030239227180888324
ATGAGT,-0.0025771855467183738
GTGGAA,-0.0016856440354222075
CCAGTT,-0.0016561095424844144
GAGGCT,-0.001362104701852638
