Token,Importance
CCAGGG,-0.003727889746301666
TGCCAC,-0.0036483627732806544
GCGTGG,-0.003622360642777347
GGGGCG,-0.003328955420983779
CGGAAG,-0.003240287607883271
CTGCCC,-0.0030828815436009997
AGGGAG,-0.0029217625211417726
CCAGGG,-0.002905903644483489
GGCGGT,-0.002704423803218966
GCTTCT,-0.0017147693440611941
