Token,Importance
GGGAGG,0.10356681184907629
AGGGGG,0.10280188145357194
GCGGCC,0.10163166017772125
TTCTGG,0.09396009731120669
CAGGAG,0.09295402770283322
GTCGGC,0.0877944228675659
CGGCGC,0.08756336966073096
CGGACG,0.08557596367837497
GGAAGG,0.08145329887559095
ATTGGC,0.07211574867718099
