Token,Importance
TCTGCT,0.11076023186904767
AGTTTA,0.11007600538315142
TCATCT,0.10851629498143056
TTTCCT,0.10183339513527334
AACTTC,0.09787801165745444
AAAACT,0.09468414442203578
ATTGCT,0.09398920015440308
AGCTGT,0.09050595957656359
ATTTTA,0.08484392670953643
CTCTAT,0.07824859454762069
