Token,Importance
CTCGGG,-0.00038413211710645835
CAGGGC,-0.000373268695813494
AGGCGG,-0.0003330080454241228
GCTGGG,-0.00032412703402529263
CCAGGA,-0.0003084413000730513
GGGTGG,-0.00030061986350348683
GGGCTG,-0.00029067442926278194
GGGCAG,-0.00028475530826004567
CTGTGG,-0.00023301052266498534
CCGGGA,-0.00017876080788068079
