Token,Importance
TACATA,0.10221901538333131
GTTACT,0.10174474856359772
ATACAA,0.10073385531576988
AACATT,0.0952205685686424
TAATTT,0.0944651767377567
TCTCAA,0.08734448188707318
TTCTTA,0.08692318302032262
GATGAA,0.08508923847825824
TGACCA,0.08143382884320081
ATTCAT,0.0712271111974152
