Token,Importance
GGTATA,0.014019586535148298
CCTCCT,0.011719755264025314
TTTTGA,0.0106595743990195
GCGACC,0.009749859746037792
TTGTAG,0.009735977268126033
GAGTCA,0.009208602515417953
GGACAA,0.008165380998948004
AGGGCG,0.00811111706504275
TGCGAG,0.0073987324571673
AGGGCG,0.006665243112057839
