Token,Importance
TGGTAA,0.0571038992707703
TATCGG,0.05134862614193413
TACGAC,0.047990644662518886
ACGAAC,0.0444464368505315
GTGTGC,0.04067726147424866
CGCTTC,0.03943135561674393
CTAATA,0.035391548424149544
CCGTTT,0.030419700376230627
GAGCGC,0.02522116564055099
GTAGTG,0.022019691442667966
