Token,Importance
CGGCTG,0.11506852021223196
GGTTGG,0.1135897621824482
GTGCAG,0.10622758106014683
GGGGAG,0.10403482856242313
GGTCTG,0.10095575835712402
GGGAAT,0.09664661568326068
AGGCTG,0.09548277565838771
GATGAG,0.08412929574123883
GCCGGC,0.07554264032340985
TCTAGG,0.06862249492715625
