Token,Importance
TTGACA,0.012894108933614085
TAGCGA,0.011472998206364453
GTTGTG,0.009651817727374869
CCCGGC,-0.01615129423698417
CCGCCC,-0.011941950608729894
CCGGGC,-0.00572630515791856
GGAGCC,-0.005432581929274211
GGGCTT,-0.005176303207375578
CTCCCA,-0.004754453306923661
GCCCGG,-0.004650645206402449
