Token,Importance
CCCTCT,0.00407661827958255
AATAGA,0.0038985565090874762
GACGGG,0.002733668903438579
GTTCGG,0.002536662000910415
GTCTCG,0.00231650561724759
ATTTGT,0.0011173773715924453
TTTCAA,0.0010669626154438884
AGCGCA,0.0010498468812501634
TCCCGC,-0.007978773814546205
TCAGCC,-0.005711104039885861
