Token,Importance
TGATTC,0.12107173355265397
TCGGGT,0.1124497984702571
ATAAAT,0.10337724598335041
TCACAT,0.10249378478988186
GCGGGC,0.10092135613045869
CCGCGA,0.10047443049395773
AGCCAC,0.08061147562905052
CCGGGG,0.0780749561735479
GGGGCA,0.06603834685090515
CTGCCC,0.06108815568691084
