Token,Importance
GGATAA,-0.001080789825584597
GTCAGC,-0.0005296524635377619
CCCCTC,-0.00029158910430963886
TCAAGG,-0.00016911073348041268
CTTGAG,-0.00015424310228397709
GCAAAA,-0.00012877318024340773
TACAAA,-8.115058052574322e-05
AAGGAG,-6.275475952538252e-05
CACACA,-4.7327501652692174e-05
TATAGT,-3.86519580645615e-05
