Token,Importance
ACTGCC,-0.05195709743080905
TCCCTC,-0.04564345876735485
CACAGA,-0.03866848035409926
TGGGAA,-0.02576138989639011
CAGGAC,-0.023828992002444007
CCTGGA,-0.019790013762946944
TAAAAT,-0.019372692851343035
AGCCCA,-0.017439135671312785
GCAGCA,-0.015319196302551408
CCTTCC,-0.012401989379078606
