Token,Importance
GTCTCG,0.14067034430111836
GGTTGG,0.06565794265217309
AGTCCC,0.06372025671795754
TATACA,0.0558913249763689
TCTACT,0.04812856237409521
CCTGAG,0.04484860742205938
AACCAT,0.04434498104913321
GTCCTG,0.034333670747813474
CTTGCC,0.032398217885441616
CCATAA,0.032185597195967836
