Token,Importance
GATTTA,0.06836280676862468
CGGATA,0.06504341072167902
ATTCCG,0.06448259117794032
ACGATG,0.049847667785197385
CGCCGC,0.04778286456851802
AGGCGT,0.03506372677657915
GACTGC,0.03505486142428219
GTGACA,0.03461858974932448
TCTTTA,0.029204753590903593
CGCTTG,0.02847407846785233
