Token,Importance
TCGCGT,0.09553821647261719
TCGTGT,0.06770734762509438
TTCGGG,0.06691032806837019
TCCACT,0.05767833197250719
CCAGAT,0.05092340399649209
AGGTAC,0.04771497928126576
GGCGCC,0.04619675351571677
CATTCC,0.03819240940648063
ACGGGG,0.03699600467029969
AGAGAG,0.03273337114082864
