Token,Importance
TCGACG,0.06117957435553956
GTATTC,0.036496735207780184
GTCGTA,0.02881530991828604
TCATGG,0.024495475455115483
GGCGTA,0.0230719497442578
GCACCG,0.02097191803887845
ACGGGT,0.019955859528056685
AATTGG,0.018750380149763327
TTCCTC,0.016102516504912012
CCGCGT,0.012385077623544526
