Token,Importance
GCCATA,0.0002448881687537543
ACTTTC,0.00020366479673685712
CAAAGC,0.0001926329653681943
GGGTTT,0.00019130041978364035
TCCTTC,-0.0002806596718830088
TCAATT,-0.00016246474334748613
AGCAGC,-0.00014588431358632614
TCCTTT,-0.0001349817880172481
TAAATG,-0.0001342474695941169
TTCTAC,-0.00012191772961098367
