Token,Importance
TGCGGC,0.029169448316384714
CGGGTA,0.022743679714141266
GTCGGA,0.02215193733599296
TCTCCG,0.018602773412360614
CACTGC,0.018414614231308087
ACTGCG,0.01728393456557312
ATAATG,0.013348254469300899
CATAAC,0.006962693698078063
CGGAGG,0.004683360994518643
GTGTCC,0.004235143377441963
