Token,Importance
GTCCCC,-0.008541972315499823
CTGCAG,-0.005961441440191752
CGGCTG,-0.004994467181900337
CACCCG,-0.004329163997789787
GGCCTC,-0.003776446037013303
TGGCTG,-0.003009633420815922
GACCCC,-0.002803064702211981
CTGGCC,-0.002675056182694688
CCTTGC,-0.0024762738959863036
GGGAAG,-0.0022894237654681347
