Token,Importance
GCTGGC,0.014066825510917123
CCGATG,0.012629221322667994
TGTATA,0.012122750228105411
CTCAAT,0.010805969041070031
TGCAGT,0.010439694029090521
GGACTA,0.01029555008485099
TCTCCA,-0.026754876402106623
CTGAGC,-0.022057027896032325
AAGCCC,-0.01930994512227783
ACTGCC,-0.01145323846680919
