Token,Importance
AAAAAG,-0.057262123921110804
AATAAT,-0.03886435293497053
AGGTGG,-0.03677387870916978
TTTATT,-0.02894093768814032
AATTCA,-0.02551252715800132
TGAGCA,-0.02249020409426987
GTTCAG,-0.021966364563998093
GAGCAG,-0.021443733434867527
TTCAGT,-0.020170754707720562
TGCAGG,-0.016139189757075012
