Token,Importance
CCTCCC,-0.08967248603660952
CACCTT,-0.08596196331236136
CTCCAC,-0.0796432965674383
TCTCGG,-0.07051306712420193
CGCCGG,-0.07021454212606001
AGCCAG,-0.06877647391196294
CCCCAG,-0.06382472391276944
GGAGAG,-0.053397528302772064
CGCCCA,-0.05262561535812793
GGTGAA,-0.04232566667905906
