Token,Importance
AAGCAC,-0.024135100849641912
AAAGAG,-0.020886203192252036
GGCGGG,-0.009759132602598529
GCTGTG,-0.006895447386999
GCTCTC,-0.006880860625712606
AGAAGC,-0.006778535806177351
GAAAGA,-0.00601119987518524
CTCGCT,-0.005856899292719762
AAAAGA,-0.004695294793595983
CATTTT,-0.004092639873125237
