Token,Importance
TAATAA,0.12332161583450145
ATCCTC,0.1121496868959518
GAATGG,0.10148114513177948
AATAAA,0.09732933234793542
ATTATA,0.09312875369506547
TGAATA,0.09104636617116468
GAGATG,0.09044233545709061
CACCAT,0.08712903932167886
GAAATT,0.08087418016096448
ACTCAT,0.06863654451295761
