Token,Importance
ACGGGT,0.11381226304747197
GAGGGT,0.11110513657468706
TCCCTG,0.10679549724511715
TGGTCA,0.10418509377604034
CTATGT,0.10194597039662806
TAGACC,0.0958042329405774
GGGGCG,0.0905413900310934
CTTGAA,0.08232439189503638
CTTTTG,0.0803800514147688
GAGAAG,0.07727300431504108
