Token,Importance
CTTACA,0.012608014803080547
AGGTTG,0.009517930606315788
GTGCTT,0.008324871913637058
TTTAAT,-0.007721769499098059
TAACAG,-0.005862118202348141
CTGACT,-0.005273985396365746
TTCAAC,-0.004780230566744662
ATGAAT,-0.004360318191716431
ACAGCC,-0.0031438679758272643
TCTTGG,-0.002660228860907854
