Token,Importance
GTGTGT,0.0055238938574488075
CTTGTT,0.0045102519756962675
GGCTAT,0.004359183017252772
CAGACG,0.002994438468626724
AAAGAA,0.00292799649953341
CCTGCC,-0.009957219915360773
AGCCAG,-0.005773054962132199
CTGTCC,-0.004658221355671439
CCCAGT,-0.0035260865924183356
GACCTG,-0.0032222311304894832
