Token,Importance
AACTTA,0.039320016579195025
TGAAAC,0.029762087456861177
GTGAGT,0.025406324349633625
AGTATC,0.021403090544827884
CCCTCC,-0.02844620739233708
CCGGGA,-0.024050429762973516
GGGAGC,-0.02153428502945023
TGCCTT,-0.018311855521717473
TTCAGG,-0.017139123303799072
TAGGCT,-0.01562911347888591
