Token,Importance
GCGGAG,-0.00011088873537560298
CGGGGC,-0.00010636690128659824
CGCCGC,-9.213410189355031e-05
GTCACC,-9.129240555017833e-05
ACCCGG,-8.892809740691863e-05
GCGCCG,-8.41819498972644e-05
GCCGGG,-7.941483550864977e-05
AGCCGG,-7.772965778047088e-05
GCAGCG,-6.213745645882044e-05
AGGGCC,-6.186255496527744e-05
