Token,Importance
AGGCAT,0.08550752414415219
TAGCCT,0.08539074067231024
AGCCTC,0.0851627212269602
TGTTTA,0.08468661370072572
CTCCTG,0.07799889422487703
TGCAAC,0.07288751081638553
GCTCTT,0.07124241101091724
CTCTTC,0.06828560786244012
TAACCA,0.06786666857403953
TAGCTC,0.0602112649554482
