Token,Importance
TCGGGT,0.049097650200552165
GATCGC,0.03884115531193168
AAAAAA,-0.017478101515360896
CCAGCC,-0.016687811317316222
ACTCCA,-0.01578306196439316
CCCCTG,-0.013837863252700724
AGTAAA,-0.01222272869970849
TATTAA,-0.01159988781780686
CTGACC,-0.010312737650580113
CCCTTT,-0.009831438268782248
