Token,Importance
GACCCC,0.02137097065490134
GGGCGG,0.019388761437103254
GCACAA,0.01880384237946359
GCCCGG,0.018636037283558934
GCTCCG,0.016606653879072952
GGCTGA,0.016602810028612632
GCGGCG,0.015716198804522626
GCGCCC,0.01485650264782133
GGCTGC,0.014634626857487495
CCGCGG,0.014226267243397499
