Token,Importance
GGAGAG,0.058442026677584774
GGATAG,0.05556128686680837
GTACCT,0.05546600403395805
CCCAAA,0.05418025344730366
AAAAGC,0.0506011037168036
GTAAAG,0.04698955616533943
CCCTAG,0.04675113689635951
GAGCAA,0.04462861143140908
GCCCGC,0.039343271596690876
ATACAG,0.03813396060469327
