Token,Importance
TCTGGT,0.10320055404214783
ACTGAG,0.10311875416133795
ATAACA,0.10303862273853918
AAAAGA,0.0953695750843014
TGGGAG,0.09507458558602255
TGGTGG,0.08775774981768336
AAAAAA,0.08700243988886631
CAGTGA,0.08513018158777275
GCTACT,0.08098287031191967
TGGGTG,0.07228874892281582
