Token,Importance
GAGTAC,0.00041006742761972876
TTGCAC,0.00038486873702124846
ATACAT,0.00034865900130599754
TGGTGA,0.0003339711985247476
TTTTTT,-0.0011093368906977
CAGGAC,-0.0005398944662170503
TCAGGT,-0.000502441689852582
TCAGCA,-0.0003905554222147004
CAGGAG,-0.00026259506924968803
AAAAAA,-0.00023364255328649133
