Token,Importance
CTGTCG,0.00013564280507949897
GGCTAT,0.00012419214418554625
CCCTCA,0.00012240599949603272
TGTCCC,0.00012003921423887117
GGCGAT,0.00011985745143017017
AATCAC,0.00011553546163725132
TTGGTA,0.00011184934695513733
GTCGGA,9.091105976494906e-05
CGGGGA,7.964838682858817e-05
AGGGGA,6.733327947010996e-05
