Token,Importance
GCGCCG,0.01979086037533531
GTGAGG,0.019512008431973402
TGGACA,0.01887066200083745
ATGGTG,0.01761450738852082
CCGCCT,0.01675681353249465
TCATGG,0.016581207911004328
CTGGTG,0.016118952502992168
CCAAGA,0.016018241491077556
CTCCGA,0.015600599712442724
TGGGAC,0.015017394154909085
