Token,Importance
GTTCCG,0.14235350357538037
TCGAGC,0.1226259678311894
GTATAC,0.08030541617560871
TGCTGC,0.06740488891563093
GTACAC,0.0648519719663776
AGGCAA,0.05222290739263813
GAGTCC,0.05120497307445064
GCCTGG,0.050024855428758695
GGCACG,0.049423805874642096
ACTTGC,0.04772117184051972
