Token,Importance
AAATGT,-0.04709800966418818
CAGCTT,-0.04359738888152657
TCCCTG,-0.03212764383724577
AGGGGC,-0.023317020513842938
CTGAAG,-0.022663961944424067
CTCTTT,-0.02238365850063412
TTTAAA,-0.021828709665110795
TGTGTT,-0.02107434814076564
CTTCCT,-0.01995169998936948
TCTAAC,-0.00970182412306747
