Token,Importance
GTACTT,0.12062196835335595
AATATC,0.10202262384423788
GGTGGA,0.09656237614337275
TCAGAG,0.09299759117933831
CCTTCC,0.09027121551157422
TACGTG,0.09015193120314852
CCAGGT,0.08875926114340543
CGAGAG,0.08164723289071729
CTCTAA,0.08072571067323642
CAGCCC,0.07137544310222749
