Token,Importance
CGGCGC,0.14130952091379986
AATATA,0.11205759361061765
AATATG,0.060539604469884635
GTACAG,0.04116832877397018
CCAACA,0.040861583428508756
GCACTT,0.040246426184001614
GAACCC,0.038160487854743734
CGGTGG,0.035497455677293774
ACTAAA,0.033530579805612915
TGGCGA,0.033312548133196604
