Token,Importance
TGGCTG,0.04521935083997963
AGGAGG,0.04084288399577121
TGCTGG,0.03897304996462875
GGAGTG,0.038000891885355687
AGGGGG,0.0377345549699398
GAGGCT,0.034010672878459824
GCATCA,0.03376511788390336
GAGGAG,0.03249080086971772
ATTCCA,0.031361344079383534
GCTCTG,0.03092625106781568
