Token,Importance
AGCCTC,-0.041480197170533605
GCCCTG,-0.022863338170183895
CAGGCT,-0.0209174207892398
CAGAGA,-0.0184416605616293
CCAGCC,-0.017904004979321597
GGGCTT,-0.016130828071523606
TCTCCC,-0.014103409437272245
TGGCTG,-0.011830907555961874
CCTGCT,-0.01177070952979134
AAAGAG,-0.011203529935005367
