Token,Importance
CGGATA,0.10879994319095643
TTTTGG,0.10342236760316957
TTTTTC,0.09778539596109408
CTTAGC,0.08990264701155383
AGAGCT,0.08914715905028917
GAGTGT,0.08702876902832771
TAACAG,0.08271923522726998
ATCAAA,0.07953505103449768
TTAACA,0.07838230666020671
CCCTTT,0.07286316017365627
