Token,Importance
TACGAT,0.0691843502758064
TGTACA,0.05079721602808949
TTTACC,0.03801205155763573
GTAAAC,0.03640772484501534
GGGTCC,0.03557868293834998
GGCTCG,0.031088595192631924
CTAAGA,0.02428682414807859
GCCTGG,0.02259704194706791
ATCAAT,0.020964786988449634
GCCACG,0.015042408504359292
