Token,Importance
AAGCAG,0.11407445586361943
AGAGAT,0.1056813352631967
GGCCAC,0.10547528125299731
AGCAAG,0.09895255841541062
CTCAGA,0.09849893737261563
AGCAAA,0.09786717289181025
ATGAAG,0.08955159444936599
GACGTA,0.0871749578008249
CATGAT,0.08329453073426137
CCTTCA,0.06162566362037569
