Token,Importance
GTGCAC,-0.0006814861951133164
CCCCGC,-0.0005337416262322839
CGCCTC,-0.0004679346394858611
GGTGGC,-0.0003325265350144798
GCGGGA,-0.0003253621801948073
CCAGCC,-0.0003114534128538116
CCCCCG,-0.0003077372733430229
CCCAGC,-0.0002124158671972041
CAGCGT,-0.0002057764594678509
GAGGAG,-0.00018357967421759073
