Token,Importance
TAGTAA,0.03537479347589358
CATGCA,0.02934627556964386
CGGACA,0.021837505670022267
ACGGAT,0.02081782807045247
ATGTTA,0.019820663976597937
ATTCCG,0.01682485638785086
TAAGGA,0.016499025960122805
ATTGGG,0.015811727376240984
ATCCAT,0.013277666837532474
GCCTAC,0.012508857128804979
