Token,Importance
GGGAAA,0.10435929204315064
TATGGG,0.09794209736032455
CTCCCC,0.09648137158880736
TATCCT,0.08612276089456306
GGTATG,0.08301678032780456
CCAAGA,0.07929730031096897
AGGATG,0.07588553642215544
GATTGC,0.07293204615820169
AATGTC,0.06663920070509705
TTTTTC,0.054347320587831
