Token,Importance
CTGAGA,0.10367824229533032
AAAATT,0.08886912499292744
ATGCTC,0.08339076424449816
ACCCGG,0.08216104965230348
TCTTCA,0.07833181476569381
TATTTT,0.07648278299478709
TACTGA,0.07095712647425662
GGAATG,0.06873096188378391
CCTGAT,0.06812587649124391
TCTCTT,0.05629694646023215
