Token,Importance
GGGGCG,-0.00023273604357063233
CGGGCG,-0.00015325364971418252
GCGCGC,-0.00010947651505279523
CCCGAG,-0.00010615614791504637
CGCCAG,-0.00010293384262054289
CTGGGG,-7.245320403546846e-05
AGCGGG,-6.929733423234532e-05
GGAGGG,-4.725221863901764e-05
GGAGGG,-4.168163529914147e-05
CCCCCC,-3.214728434645833e-05
