Token,Importance
GAGTGT,0.002913651789945155
CTCCTG,0.0028608184670470102
CTCTGA,0.0028562944735954546
GTTACC,0.0027447949224482402
TTTCTG,0.002372879505250836
GGGTAG,0.0019253312135128632
GGCCGG,0.0018052124394235072
TCTGCA,0.001343231625278165
GCCGCC,-0.011962667925422343
AGGCTG,-0.00748477980738383
