Token,Importance
CAGAGA,0.10855461943043951
AGCCTG,0.10668055382480678
TGTCGC,0.10255672479571666
TAAGCT,0.10206794093223914
CTCTAC,0.10029555445382496
GGCCAG,0.0934928372625786
GCGGCT,0.08984021227458773
GAGCTA,0.08961573679185171
GGGTGA,0.08872603042181325
CTGCTG,0.0727135217395476
