Token,Importance
CTGTTT,0.10267034391841513
AGGGTC,0.10013945570265022
TGGAAC,0.0997765047962484
AAAAGG,0.09465464922883242
AACAAA,0.09262419206668182
TTTGAA,0.08836588864997034
CCTCCT,0.08505271252304215
CATAGT,0.08321414655252339
AAGAGA,0.07885264783745966
TTTTTT,0.07298616438974628
