Token,Importance
GCCGCC,0.10624312289952377
AGAGCG,0.1060863017305124
GCCTGA,0.10369964628327305
GCCAGA,0.09896153374978556
AGCGCG,0.09669993830171013
GCCGGT,0.08943610310718894
GCTTTC,0.08890951637417079
CTATCC,0.08835332744882869
CCGCGG,0.08084967951913534
TGCGCC,0.07120960407054833
