Token,Importance
AGGCTG,3.258979740168383e-05
GAAAGG,3.145363047794774e-05
TGGGAC,3.0510727566021303e-05
CTGACC,2.8964435552211582e-05
CCGGAG,2.6604058636471487e-05
GGACGT,2.4451126305299258e-05
TAACAC,2.2793637756437243e-05
CGCGGG,1.921691639134562e-05
CGGGAG,1.478456037255486e-05
GTCTCT,1.3968910419523867e-05
