Token,Importance
TCGACG,0.037800061532430984
AGCCTC,-0.02160397318195399
TTCCTG,-0.01832447554413343
CCTTCA,-0.014585767109716319
TGGAAG,-0.010684208892187621
CCACCA,-0.010277573405099116
TCAGCT,-0.009814945336304986
CACCTC,-0.007502543676754051
CTCAGG,-0.0061225361108955476
CTGTGG,-0.005911722701088245
