Token,Importance
ACACAT,0.11051323352055675
CCGCCT,0.10966357805533773
AGGGGC,0.10868393401550701
ATATGC,0.10154142027414328
GCAGGG,0.10115702644294144
AGACAA,0.09487079066601171
AGGCAG,0.0934645284211186
CAGAAA,0.09131706145013234
ATGGGG,0.08720966919118839
TGGGAG,0.07672690365164417
