Token,Importance
GTAATA,0.11054604421512468
AAATTA,0.1070006480949295
CTTGAT,0.10186147679997729
TTTCTA,0.09624297059415841
GAGAGC,0.09449444663238846
TGGATG,0.09292184192975182
TCTTCA,0.08902646486589598
AAAACA,0.08464862994351297
GATAGC,0.0746364856804355
ACTGGC,0.07337918492297935
