Token,Importance
AGGATA,0.04238865484570347
ACCCGG,0.0330916412568969
ACGGAT,0.0257606197322629
AAATCA,0.01977090815816365
CGGCGA,0.019294917713673584
TGACAC,0.01782925684254383
ACAAGC,0.01704298492990037
ATCCCC,0.016771757789189323
GGATGA,0.016141978167353518
TTGCGA,0.0153073284886822
