Token,Importance
ATAATG,0.18191011572504961
GGGATA,0.060914076780137896
AGCCGT,0.044760148904969606
ACCTGC,0.0433436512878675
ACTTGC,0.03902893948110444
CTTCAG,0.03870431631148943
AATACT,0.038097423695162246
TTCGCT,0.03761182785399844
AGAAGA,0.028043087954344688
GTGTGA,0.022616460649115044
