Token,Importance
GCTCCC,0.07280261551965186
CCACCT,0.07270116283262154
GGGCTG,0.07251241791642545
TCTGTG,0.06702172459342325
CCAAGG,0.06478517632596342
GGAGCT,0.062001590523162634
CTCAGT,0.06117510014124763
TTGAGT,0.06056652491344069
CTCTTT,0.05626494888516172
CTGATC,0.050282044094082545
