Token,Importance
TGCCAT,0.00016953489806673935
GGCTCC,0.00016097336939527876
GGGGAC,0.00014841288640901436
CGGACG,0.0001432057595516337
CCCCGG,0.00014262201364162856
CGCTGG,0.00013732139609434212
CTCCCT,0.00011759650142028943
GCCGGG,0.00011716839815990458
GCCATT,0.00011417142247921561
GGAGCC,0.00011164924897249219
