Token,Importance
GCACCC,0.0013275483722383636
GCGGCG,0.0012912426094802728
CATCTT,0.0011610961196971664
ACACCC,0.0010916212838564929
TCTGCG,0.0009866025251961527
CATGGC,0.0008722173897458679
GGTAGG,0.0007696320150644842
TCTTGG,0.0006663944076389285
GGAGCC,0.0005802747521358076
AGGGGC,0.0005362796264037973
