Token,Importance
CGGTTC,0.0720599394829716
CATATA,0.0612792144405979
GTAAGT,0.04669535481960795
AGATAC,0.0299242511407785
AGGGGG,0.024024361904918096
CACCCG,0.02267177418797515
AGTTGT,0.01934529537412193
GGTGAA,0.01648328109395779
TCTTCG,0.016333351102045056
CTCATA,0.009606554541071899
