Token,Importance
ATCGAG,0.09015306686248804
TTCATT,0.08605570780902058
GCAGCG,0.08427880049169965
GCAATA,0.07474156920976165
CATCCC,0.06455319168367282
AACCGG,0.06418281286992744
GCTTGT,0.05746909520414906
CCACCT,0.054679904684157364
GGGATA,0.05156049451669277
GGCGGT,0.05002321712729629
