Token,Importance
CCGCCC,-0.03230610052279493
CTGGCC,-0.016137903650086778
GCCAGG,-0.012302728173814358
CCAGCG,-0.007736985631815569
CCCGCA,-0.007440769967373811
TCAGAA,-0.006089481005081864
TGAGGC,-0.005523950140180937
CTGACC,-0.004440541170780799
TCAGCC,-0.0032067989584947444
CGCCAC,-0.0019674086330918467
