Token,Importance
ATTATA,0.03319638716651823
GGGCAT,0.010683108660341145
TGTCGG,0.009805575531455914
AATTGG,0.006095266915572018
CCCTGG,0.005218934634553531
AGGAAG,0.004247743198940726
TAAAAC,0.004108839303663169
TACACA,0.0036498340507496313
GTTGCT,0.003445310487738681
TGGTAT,0.003402648362391139
