Token,Importance
GCGGCC,0.03983313931099039
CTCGGA,0.031228221466722952
ACCTGT,0.02206310295873482
GGGATA,0.02099161462054113
AATGTC,0.020986874654924697
GTATAT,0.012065993393726021
ATCTAT,0.011673804803255399
TTTTCC,-0.044714911525948586
TTCCCC,-0.038315016776536565
TTCCCC,-0.034884337714284605
