Token,Importance
TGAAAA,-0.0018778981496873183
GAAGAA,-0.0018016297341793062
TCACCA,-0.0011523752988462767
CCCAAA,-0.0008133620702564715
TTCCAC,-0.0007955632949259968
CCCCCT,-0.0007482151638414609
TAACCT,-0.0007063064838298021
TCTGCC,-0.0006908843609386718
ACAGCC,-0.0006896547603585761
AAGAAG,-0.000552728280367755
