Token,Importance
TAAAAC,0.0010511603662640679
GGGCTC,-0.0012802365317424386
CCAGAG,-0.0008987334683942424
AGGGGC,-0.00036414461520436787
AGGGGC,-0.00026529488971522214
TGCTAC,-0.00026029323740071897
GCGCCG,-0.00022573404610126677
GAGCGG,-0.00022352068616322113
GCCTGC,-0.00016419946195771459
GCCCGC,-0.00015337094063378915
