Token,Importance
GCTATG,0.11104974011848835
GTACGG,0.09342759228627275
CCAGAG,0.083470897784521
TTGTCT,0.07370686850532338
AGCACT,0.07084114912338325
AATGTG,0.06289234871649231
TTTTAA,0.06258686591725247
CGAATT,0.062203668135678146
TTGGTA,0.05972800401997895
GTGGTT,0.057931391779377006
