Token,Importance
GCCCGA,0.010166962694133096
TTGTAC,0.007544428486249914
CCTGTG,-0.006142932313172793
TTGGCT,-0.004868891633111432
TCCAAA,-0.004533382128707483
TGCTTC,-0.004510118782979108
AAGAAA,-0.0035556943910631795
TGGAGC,-0.003171590344587773
AATAAA,-0.0031167563397081982
TCTCAG,-0.001117491918061651
