Token,Importance
CCTATA,0.11637151419315254
TACGGT,0.09579579434313618
GTCTCG,0.060999635576185124
GTCACG,0.06056263530106638
GCGCCC,0.055648468329766984
TCATAC,0.052704776426082164
CTATCA,0.05247689861897707
TGTGAT,0.04661234073191741
CTCCGG,0.043757606399343896
TCATGC,0.03720163708439195
