Token,Importance
AAAGTC,-0.1145905844621716
GCTGGG,-0.09653223625078035
CCTCTC,-0.08358601977555975
GGTGTC,-0.08158512503082815
AAGGAA,-0.07716398946716005
GGAGGC,-0.07369851839232765
CAGACA,-0.07076559909686714
GCCTTC,-0.06968567968409173
GCAAAC,-0.061681880530237064
CTGGCA,-0.058815741102326645
