Token,Importance
TCTCCC,0.09973244140269973
TGCATT,0.09852976400144513
GAGCGT,0.09254771612695643
ACATCC,0.0903818023196729
CCCATC,0.090176255200969
GAACGC,0.08391014146015376
AGACGG,0.07635449355902846
AGTGCT,0.07119546731388647
GGATTT,0.06675995555307035
CGCTGC,0.06199943789256632
