Token,Importance
GGGAAG,0.11417557429868441
GTCAGC,0.10976654843104028
TGGAGG,0.10649494724288096
ACCGGC,0.10463183375653985
AGGAGC,0.09987147110896437
CCTTTC,0.09698107697734472
GAAGGG,0.08563030624693264
GGAGGT,0.08098078218131823
GAGCTT,0.07967163627480921
TGCCTC,0.07840044958513903
