Token,Importance
AGAGAG,-0.060021140387419285
AAAATT,-0.04355513575992304
AGAGAG,-0.03909626880005038
AACTAT,-0.034065689705933
AAAAAA,-0.03141670616766729
CATAAT,-0.030747851530030946
GTTTTT,-0.029923551392714614
CACTCA,-0.02843827978000542
TCGAAA,-0.027012981379768222
ATCCTT,-0.025626140653436547
