Token,Importance
GTTATA,0.12232053282579686
CTAACG,0.09603735916852789
ACGTAG,0.0686920092823141
AAAGGG,0.06375858762485935
GCCACT,0.06297760396727314
CTAGAG,0.056102950444294836
GCTGGT,0.05240574489660456
CACGGG,0.048326341230722075
TCGCCT,0.044808233870299516
GTAGCC,0.03876995124213256
