Token,Importance
CACGAT,0.05257765203971322
TCGGCT,0.03021981932451815
AGTATA,0.027105482495924305
CTTACC,0.02082904876255321
TCCATA,0.01866201405516912
GCAGGT,0.014969132093913944
ACGCCA,0.011862014806382671
CTCTTC,-0.04241749525208613
TCTCCT,-0.03857817244392953
TTACCA,-0.027028390122214224
