Token,Importance
TTCTGG,-0.004135478205247109
GGGGAG,-0.0038903115588114394
CTCTGA,-0.003572908084145858
GGAGGG,-0.0035190617465609584
AGCAGA,-0.0034746654057906307
TCTCCA,-0.003474608677328953
ACTTCC,-0.002859446795578636
CCCAGA,-0.0028001860349675172
TTTCCC,-0.0026835563463063683
AAAAGG,-0.002574557315053145
