Token,Importance
GGTCGT,0.10730618762263648
CGTATA,0.0905544927070888
TATGAT,0.08339839914638497
AGAGCT,0.07325640034929298
CTTCTT,0.06302908887407974
CACCAA,0.059390995325357146
CACCGT,0.05151241180190735
ATGGTG,0.05098324526572608
TTTGAA,0.04831455971756626
CTATTT,0.04173419502305198
