Token,Importance
ACCCCG,0.010395796721441876
TTCATT,0.00989818729420546
CGGGGT,0.008609797140930272
GGCCCG,0.007682398829103212
AGGGAC,0.0068779417881192845
GGCGGA,0.006786901854444467
TGTTGC,0.0066217280999826215
GGTCCC,-0.02073382097915893
CTTTGT,-0.017685733108132737
CCGGAT,-0.017684209617598073
