Token,Importance
GGTGTG,0.002304519469915253
GCACCC,0.0021677308201402705
GCAGTG,0.0021242443645318005
GCCCTG,0.0021224724040992127
GTCGCT,0.002116533589630203
TCAGCC,0.002094566161377393
CAGCGG,0.002061338328335031
ACCAAA,0.0018816862980201735
TTGGCA,0.001870891552017613
CAAGTC,0.0016010592864994175
