Token,Importance
CCTTGC,0.11142074702443126
CCAGCC,0.10975370693602456
ACACAG,0.10479144777258417
GGTCTT,0.10222969993446662
TGGGTC,0.09755751026615829
TTTAAG,0.09658069826957826
ACAATT,0.0940757037311941
CTATTG,0.09070288832965875
TTTTGA,0.08851938377100516
ACAAAC,0.07960526124717915
