Token,Importance
GTTCAT,-0.013981054719328789
TGTTAC,-0.002135777522915621
TGAGGC,-0.0009977099209508027
TCAGAA,-0.0009474997753727718
GGGCCC,-0.0008701241638760566
ACAGGG,-0.0006840036499822655
ATAAAG,-0.0005676456024031881
AGTGTT,-0.000532510438266452
TAGCAT,-0.00039537073875650175
GATAAA,-0.00027294805567179906
