Token,Importance
AGCGCA,0.05651448580476898
GGGGCC,0.03750766532409282
CCGGAG,0.026530420011746846
CACTTG,0.014971530373771363
ACCCGA,0.012672692971572197
AATAGA,0.009750998027621069
GGTTTA,0.007955781635220179
CGGGTT,0.003878338899838524
TAATAC,0.003818114914596629
GCCACC,0.0032320582757819905
