Token,Importance
TCCTGG,-0.0005880729351022697
GGGCAG,-0.0004703515940061604
CCTCCA,-0.00041943428283272154
AAAATG,-0.0004031129496114884
AATTCT,-0.00036235416889049323
CCTTCT,-0.00034027313760823507
CTTTCC,-0.00033070539506433713
ACCAGC,-0.000303069061983576
GAAAGA,-0.00028450361016159765
GCCTCA,-0.00028071969443567755
