Token,Importance
TGGCTG,-0.034855902004986256
CCAGGG,-0.025192860983631663
TGCCCT,-0.02511915315796996
CCTCCT,-0.019162822555720632
GCTGCC,-0.01615417977580947
GCGGGG,-0.01514007737249996
GGGTCC,-0.014986255666967057
TCCCGG,-0.0088490667557959
CCAGGC,-0.008571562899312934
GGAGCT,-0.006027304396946383
