Token,Importance
CCGTGT,0.09991124389306656
GGACGG,0.0997478959860703
GACGCT,0.09020296284417754
ACCGTG,0.08740464473698077
GTGGGA,0.08726656106117128
CGCATC,0.08716314689277586
CAAGAA,0.08559066798219613
GAGCGT,0.0847751168106442
AGGGGA,0.06912972840200758
CGGAGT,0.06761655441976586
