Token,Importance
CCAATG,0.008871657507076318
AGGGCC,0.006567057024446442
CGCTTG,0.005663361049716913
GGTGTC,0.005637432339386479
GCTCCC,0.005451615307418708
GGTAGG,0.005413003797099645
GCGCCG,0.004635575421829571
GCGGCC,0.004083962342327205
TGCTGG,-0.020632347409470824
GGGTCG,-0.019945680330572233
