Token,Importance
AACGCA,0.035208944605655594
CTACTT,0.015696453846696844
TTCCCC,-0.028896287275889297
CTTCCG,-0.014725585068447851
TCAGAG,-0.01180479351442514
AACAAA,-0.009297092493470837
GAGACC,-0.008408628555233897
CCCCTC,-0.008292917839217233
AGAAAC,-0.005587449721109044
CAGACC,-0.00434765611394606
