Token,Importance
GTGTCG,0.10516238177739556
TTATTT,0.09801792453188998
TCCTCT,0.09097504305561077
GATAGG,0.08949220520228778
GTCGGA,0.0842702073476413
TCTTGA,0.07904548003673872
TACTGC,0.0789185500273397
CCACCA,0.07771295593656559
GACTGA,0.07656212994604927
GCTTTC,0.07541642378440849
