Token,Importance
TTCGTT,0.10791712793760756
AAATGT,0.0955461442181601
GTGTCT,0.09475460725200563
TACACT,0.09418289383334341
GCCGGA,0.08432988374815531
GGAGGT,0.0837875910028666
CTACCA,0.07697738847774023
AGCAGT,0.07473680262011952
CCTCCT,0.06695534200414133
ATTTCA,0.061262648968925575
