Token,Importance
AAAAAA,-0.008875618721524581
CTCCAG,-0.008536998801926992
TTTACA,-0.00823869021540381
TCTCCC,-0.008229254524706681
AGGGAG,-0.007806562691908842
GATTTT,-0.007413925483233586
AAAAGG,-0.007311742043713493
AAAAAA,-0.007194680495565877
AAAAAA,-0.0064515441481545095
GAGAGT,-0.006440544501722767
