Token,Importance
TGCGCC,0.08656425518464779
CGTTTA,0.06853426033022089
GTCACG,0.05221948069644477
TCTCAC,0.0435769666366975
GGTCAT,0.03928830584441268
GGCTAC,0.03667043955170886
CCCGTA,0.03324124374682236
CCAAGT,0.03222253876799523
GGTGCG,0.030176269889567398
TCCATG,0.028227370327935753
