Token,Importance
CCGGGC,-0.02749715748106064
CCGGCC,-0.01810751852010654
CGGCGG,-0.016300000095619202
CCGCCC,-0.016070727660903898
GCGGGC,-0.01583796485617599
CGCCCC,-0.014347637420731002
CGCCTC,-0.012856505986057537
GGGCGC,-0.012509053898731144
GCGGCG,-0.012328336216231865
CCTCCA,-0.010550024229157963
