Token,Importance
AGATCG,0.07640305873048882
ATGCGT,0.058274777346512055
TGTCGA,0.04337875245958629
GGTAAA,-0.03528050458000773
TCATAA,-0.0334472764341327
TTCCTT,-0.03330450365903165
CTCAAT,-0.024615136393703135
ATGTGA,-0.02314641511499046
TTGATA,-0.02204416091208016
ACTTGG,-0.021335687649745833
